user_id,age_group,content_type,session_duration,scroll_count,notifications,daily_usage_hrs,engagement_level,completion_rate,likes,comments
U0001,18-24,Reels,41.28640828248231,22.0,9.0,3.351784230950642,9.131902601201002,98.18876367858226,35.0,6.0
U0002,55+,Video,38.131844738649804,14.0,4.0,1.4028767800826398,8.295934798191244,83.91226260989242,24.0,9.0
U0004,25-34,Video,39.55904195170703,143.0,8.0,4.652353331579549,6.608333524661432,75.2888279778101,29.0,8.0
U0005,18-24,Reels,23.40909689781008,56.0,15.0,5.6678025926642785,5.156308051077337,82.23736056594964,21.0,7.0
U0006,18-24,Text Posts,5.0539963083685535,199.0,3.0,4.943163670827838,1.0,52.65208187780141,3.0,1.0
U0007,13-17,Reels,16.456373317670156,210.0,9.0,1.1063879548069373,1.8991698672769168,53.94886199847901,10.0,4.0
U0008,45-54,Text Posts,1.0,291.0,6.0,1.4955723022426808,1.0,28.026545938586118,0.0,0.0
U0009,25-34,Video,31.100762934405548,97.0,5.0,1.9141357810996218,5.166164584927412,59.57898959433975,21.0,7.0
U0011,13-17,Video,34.0337632998511,90.0,13.0,4.242481414433512,7.648555766756942,72.83265868822996,24.0,10.0
U0012,55+,Video,30.840330720526413,157.0,7.0,7.458981876667205,5.190154993715345,59.36756134700011,28.0,8.0
U0013,45-54,Images,5.54253939303219,6.0,8.0,5.426633288614785,1.6099770026230336,82.87029757499887,3.0,1.0
U0014,18-24,Video,41.08246191684969,264.0,8.0,3.643085895863776,7.057997628561042,48.28107882010845,31.0,9.0
U0015,18-24,Reels,14.828680800534151,168.0,9.0,2.8167798621499034,1.1477531689406888,48.6916630521191,10.0,2.0
U0016,18-24,Reels,35.760279138434754,10.0,10.0,4.0612560422245725,6.453653971415009,69.53252012069498,24.0,11.0
U0017,18-24,Reels,17.97782981073275,153.0,14.0,4.761658461696658,3.4449227367722424,87.65044184753422,9.0,0.0
U0018,25-34,Images,7.47564762646965,209.0,3.0,5.3164136444949595,1.8777438751327975,57.5805004663295,3.0,1.0
U0019,25-34,Video,20.33214809384323,122.0,4.0,3.066491512917647,4.936296445625827,66.85619819646708,19.0,7.0
U0020,18-24,Stories,12.985978531143633,93.0,8.0,6.787981071505293,2.2393043236744217,75.93278363322088,11.0,3.0
U0021,25-34,Images,24.75312458477979,158.0,9.0,3.433470679099018,5.624342855567238,73.98827492793357,22.0,2.0
U0022,18-24,Stories,23.156280884439564,171.0,13.0,5.274816354417661,3.0336985973740265,60.64087991122408,17.0,10.0
U0023,18-24,Images,24.78422112028035,165.0,5.0,4.005091226146829,6.42300769504177,74.5943272051865,16.0,5.0
U0024,18-24,Video,40.22142545933936,274.0,8.0,2.9685291548791177,6.481614647133347,50.39825883787384,29.0,6.0
U0025,25-34,Reels,16.963301714696307,60.0,4.0,0.5545983813054431,2.898797182047173,73.89424375002866,15.0,4.0
U0026,35-44,Reels,24.692107756724425,232.0,8.0,1.641712106163908,4.234010623971471,51.98026569075671,24.0,4.0
U0027,18-24,Stories,10.198008708825373,153.0,5.0,5.265103308973876,1.0,72.38858006097982,10.0,5.0
U0028,25-34,Images,28.305749040390403,50.0,12.0,4.62850594407434,5.992259762038105,61.18278443637374,25.0,4.0
U0029,25-34,Reels,16.032113535736883,148.0,6.0,4.388978638108601,4.913507814976704,67.48948165289653,13.0,5.0
U0030,13-17,Stories,26.936976893891106,242.0,9.0,5.831229864955247,3.573452960361532,61.722331986006395,25.0,2.0
U0031,25-34,Video,43.929538701087694,276.0,8.0,2.031177809788458,6.49371309200656,62.65210775735109,32.0,3.0
U0032,18-24,Stories,36.29620201716087,124.0,12.0,2.7919588172589505,6.384472188928991,73.06297839576636,23.0,7.0
U0033,13-17,Reels,23.903134073705026,224.0,11.0,2.893450571804887,4.545420426287454,48.40051542154056,29.0,8.0
U0034,55+,Images,22.12322159580162,12.0,6.0,1.4918753883461133,5.191355601592953,84.57094027838929,13.0,3.0
U0036,35-44,Reels,21.823583230663033,70.0,3.0,1.8912503448393778,2.521398644384127,79.49061333558285,14.0,5.0
U0037,18-24,Video,19.649597524676402,83.0,10.0,1.1452095491275927,5.213029222247329,69.30588827272527,13.0,2.0
U0038,13-17,Video,16.199899660922362,90.0,4.0,2.154611911932983,2.3252813262124894,69.47470978520519,12.0,3.0
U0039,35-44,Video,42.12712028861331,128.0,9.0,3.4012666221389902,9.055995565582451,77.15786969828144,34.0,12.0
U0041,18-24,Text Posts,8.276809470620773,154.0,13.0,1.9711285508419496,1.4719856028112335,55.05976721159216,3.0,1.0
U0042,25-34,Stories,22.373131870389606,50.0,11.0,5.110194137216269,4.830392925198055,70.90584349233895,21.0,6.0
U0043,13-17,Reels,29.85175536829914,117.0,11.0,3.8317733652289965,5.114235236250248,83.21490266165095,24.0,5.0
U0044,45-54,Video,39.25444864184172,95.0,6.0,4.155455640682892,8.27575600281213,57.06338831254865,37.0,8.0
U0045,18-24,Text Posts,14.222898558008541,145.0,4.0,3.7171797342971677,2.486020110071001,78.50279611346497,8.0,1.0
U0046,35-44,Stories,30.788658133133932,293.0,11.0,0.7197421548476006,5.701096130075921,50.941297250075564,34.0,9.0
U0047,18-24,Video,25.47683619261203,222.0,6.0,1.9225057765454305,6.603946085764538,44.544074156470316,13.0,7.0
U0049,25-34,Reels,20.27340554729176,156.0,15.0,3.5692848416517973,4.543344475279323,57.283968720232366,10.0,1.0
U0050,18-24,Video,43.301918118626105,243.0,4.0,1.0314446308546183,9.396890710958337,56.637867156713334,21.0,9.0
U0052,35-44,Reels,32.51225319318508,98.0,7.0,4.388543926938164,6.859174919075609,83.65339093330613,26.0,6.0
U0053,55+,Video,46.834936668899275,52.0,7.0,1.6192598943960907,10.0,71.85899366434299,33.0,9.0
U0054,45-54,Images,3.219591326236193,195.0,11.0,2.905043821806305,1.0,54.365498966971785,1.0,2.0
U0055,25-34,Text Posts,28.67224111551137,16.0,5.0,5.777547191357945,5.882607686840072,80.31347533141485,16.0,7.0
U0056,45-54,Stories,33.23238621712258,160.0,8.0,4.38397477234386,6.336747510457259,72.8534148343924,19.0,4.0
U0057,13-17,Reels,35.35621997245747,176.0,7.0,5.879991293503499,7.21229182155075,60.51165695218077,21.0,7.0
U0058,18-24,Reels,45.8179890877106,181.0,3.0,2.9354795621182275,8.465218369964443,70.43740372581848,37.0,12.0
U0059,13-17,Stories,1.4337679232222627,61.0,7.0,5.122527615010163,1.0,73.64236676142025,3.0,1.0
U0060,18-24,Reels,22.75551863737348,207.0,8.0,1.952640587834214,5.35121822550165,60.181425483453,15.0,8.0
U0061,25-34,Video,27.646965393180476,189.0,6.0,4.745486995817909,7.942114604667826,53.09297165830905,23.0,3.0
U0062,18-24,Reels,35.21479323757343,125.0,5.0,2.4275637526268197,8.119192177050456,78.06667221927125,25.0,11.0
U0063,35-44,Text Posts,1.498592603978544,230.0,8.0,4.185738880663965,1.166951394042714,63.7037732428999,0.0,0.0
U0064,18-24,Reels,35.574951493374854,206.0,5.0,4.261557813166089,7.3700738554691725,64.89010485092099,27.0,8.0
U0065,18-24,Video,48.705361439967135,220.0,9.0,4.532350012774131,9.586182504434278,68.66878600603827,45.0,17.0
U0066,25-34,Text Posts,18.952029000839993,47.0,6.0,1.9878625021037346,3.6948686053278217,64.80702582786758,19.0,4.0
U0068,35-44,Reels,18.12126659099251,159.0,12.0,3.537637032337938,2.9763870789960003,75.18725101392039,12.0,5.0
U0070,55+,Reels,40.49618905296667,253.0,5.0,2.5397788284092453,8.298075325643756,56.1765355768899,45.0,7.0
U0072,18-24,Reels,27.60980480622456,297.0,6.0,1.0320117530085255,6.661235407334392,55.0290956969518,25.0,4.0
U0073,13-17,Video,30.820904542341093,138.0,4.0,3.0714796638334776,6.903633501083406,46.96479329113197,21.0,12.0
U0074,35-44,Images,1.0,26.0,6.0,2.8596891787375176,1.0,78.5905604099608,2.0,0.0
U0075,35-44,Images,4.291475813155612,92.0,8.0,3.049065222787527,2.57206220784057,74.7696294642248,4.0,0.0
U0076,35-44,Images,34.114190871397234,157.0,5.0,3.0560564772370755,6.306817352083551,68.22715079113235,37.0,6.0
U0077,35-44,Video,22.195444289975335,129.0,7.0,5.591623505188235,4.078055266323871,83.1021266494334,25.0,3.0
U0079,18-24,Images,25.074439731951983,55.0,7.0,5.196928950039595,5.281388545990708,90.97814985626565,28.0,4.0
U0080,18-24,Text Posts,1.0,220.0,12.0,4.076421183992295,1.0,54.372261702153864,1.0,0.0
U0081,45-54,Video,36.84710474781083,180.0,10.0,2.1308193905120696,9.083366310092718,48.509195486106776,27.0,4.0
U0082,25-34,Video,44.37915537510655,257.0,13.0,3.51269825202986,9.726809764177807,69.35531850191464,37.0,11.0
U0083,18-24,Reels,28.124993219072504,250.0,4.0,5.818289813388686,5.121301841087454,65.52691360189341,29.0,6.0
U0084,13-17,Images,43.68403055666768,231.0,10.0,5.022752928997336,6.963972230362665,58.26097012628966,34.0,12.0
U0085,18-24,Reels,11.314007411218046,110.0,8.0,5.303763495584316,1.686671699955434,63.14516724151779,12.0,2.0
U0086,18-24,Reels,38.58728529883879,197.0,6.0,4.257238969518568,8.761396696506262,58.21301828919245,34.0,9.0
U0087,35-44,Video,33.27198262603535,40.0,6.0,2.7841042165952805,6.256933977824381,78.55425294206081,20.0,10.0
U0088,25-34,Stories,25.71920154836675,208.0,12.0,5.960076560222021,4.049913950119571,73.0766595946139,20.0,5.0
U0089,45-54,Text Posts,16.41307151699246,271.0,13.0,4.339231078244216,3.451806806179416,39.73802015214091,18.0,2.0
U0090,25-34,Reels,20.668438028900034,272.0,11.0,4.896352954943691,3.799132585840819,50.69689543696087,21.0,2.0
U0091,18-24,Text Posts,14.289963924593403,174.0,11.0,3.662805010933848,2.401522359011916,59.96646125044684,17.0,0.0
U0092,35-44,Images,1.0,43.0,5.0,1.9499202882543312,1.0,70.8540423485523,0.0,0.0
U0093,35-44,Video,41.032475005713934,143.0,8.0,4.092420612291384,8.315495724305094,59.22206452846528,35.0,4.0
U0095,35-44,Reels,34.38660168643102,56.0,15.0,4.712380487973138,7.391526600294796,66.3806345844401,26.0,6.0
U0096,25-34,Text Posts,22.581183250871504,291.0,12.0,4.330752992454805,2.5889262513737052,52.247469061363546,16.0,3.0
U0097,25-34,Stories,21.676198402097107,293.0,7.0,2.2101680708955955,5.88633671070208,38.90086037506696,12.0,2.0
U0098,25-34,Stories,19.480894197982764,145.0,9.0,5.784565597986955,4.647601789503198,74.18030856910724,12.0,2.0
U0099,13-17,Text Posts,3.1893166333870777,150.0,7.0,5.5208604036316835,1.0,60.070275028236665,4.0,0.0
U0100,18-24,Reels,20.877792363509492,188.0,7.0,0.8266146427211587,4.600026483381847,39.163885766543565,13.0,1.0
U0101,13-17,Images,26.86734620177331,156.0,3.0,4.893373210782885,5.95807174574747,74.133788329414,22.0,7.0
U0102,25-34,Reels,42.36335405705979,205.0,9.0,3.125816279776973,8.861854850826015,53.954297501572334,33.0,9.0
U0103,18-24,Video,32.61889563687946,132.0,10.0,3.93751519910846,5.562474626231993,79.90378848265104,30.0,7.0
U0105,45-54,Text Posts,2.953856250062339,257.0,11.0,3.6811515663117764,1.0,53.187403655647586,4.0,0.0
U0106,18-24,Reels,39.72756845267445,270.0,6.0,1.849577342979142,8.363449041118734,56.96123804848529,30.0,8.0
U0107,25-34,Text Posts,18.654168236917787,192.0,5.0,2.2951401826694426,3.095035611903166,61.7462484562699,16.0,4.0
U0108,35-44,Images,34.412174364637494,234.0,4.0,4.276542915796646,7.974126074344116,42.58999634326499,17.0,8.0
U0109,18-24,Reels,19.21676922820261,275.0,6.0,2.3647678858459704,3.282509478525309,66.73380292442351,13.0,2.0
U0110,13-17,Images,11.219921009817828,263.0,11.0,4.143367272566944,2.1957524032952227,51.14120145328911,6.0,4.0
U0111,18-24,Video,37.314459225255725,202.0,10.0,3.6645797752168603,6.955061264576414,60.0361352777362,34.0,15.0
U0113,45-54,Video,32.84332362452368,207.0,9.0,2.5298026892515173,7.284328388158583,57.03957123140212,22.0,6.0
U0114,35-44,Images,6.2703890954629955,275.0,4.0,2.995671266003658,1.0,58.896273271013776,4.0,2.0
U0115,25-34,Stories,26.81407528923571,113.0,11.0,2.4252696251729278,5.509120072840251,67.72715964504674,21.0,4.0
U0116,45-54,Video,42.211353625455814,120.0,11.0,5.644590667091601,7.05245587523429,62.87001151655481,45.0,5.0
U0117,35-44,Reels,18.83725899436275,96.0,9.0,3.6597093256778352,1.9495887351258567,66.2553560781016,18.0,4.0
U0118,18-24,Stories,31.55442801105496,142.0,11.0,3.257927156653687,8.041306425573254,82.42666213343398,28.0,5.0
U0119,45-54,Video,46.70198709196604,61.0,9.0,4.655448893051833,10.0,74.49258072729135,45.0,10.0
U0120,25-34,Images,16.34296497247793,54.0,4.0,2.194760576360884,2.664188315719218,90.8488534626993,17.0,3.0
U0122,45-54,Reels,33.540577711159074,86.0,3.0,3.927723549857398,6.262230059205745,64.94405164310234,31.0,5.0
U0123,18-24,Images,6.382969297437418,109.0,8.0,3.7431891397242443,1.944089747659775,64.26783518847867,6.0,3.0
U0124,18-24,Reels,28.300314791640822,92.0,8.0,2.395285635395798,4.578295276523166,69.9787059138106,21.0,7.0
U0125,18-24,Images,1.0,6.0,4.0,4.033415904494017,1.0,72.25469514289112,1.0,1.0
U0126,25-34,Stories,26.764556455029357,88.0,3.0,6.274793296080114,5.374551994701565,69.91703014517672,28.0,4.0
U0127,35-44,Stories,2.3850677755814065,47.0,4.0,4.1714654602956855,1.0,77.31240783585338,0.0,0.0
U0128,45-54,Video,50.03419828428999,158.0,6.0,0.5266926718843785,9.308619274811422,74.25136269922626,44.0,11.0
U0129,13-17,Images,11.698799060335496,98.0,8.0,5.6256608092280445,1.035240051975765,56.770431528126636,8.0,5.0
U0130,25-34,Reels,25.88333018068823,137.0,9.0,6.484036130918902,6.435072653730403,75.58924428678931,17.0,5.0
U0131,25-34,Video,28.72266093915494,69.0,5.0,4.293699987888999,5.280191815501992,80.48728004453025,23.0,7.0
U0132,18-24,Video,32.11961126077924,294.0,8.0,3.756979730236753,5.969765425159073,40.85788671397927,32.0,9.0
U0133,18-24,Stories,32.18531345148037,261.0,7.0,1.1787905743911722,7.6696921604990145,46.01545111103022,26.0,3.0
U0134,18-24,Reels,3.121913434649205,217.0,9.0,2.201672095288097,2.865958226172758,61.88504957197533,3.0,0.0
U0135,55+,Stories,30.769653860881878,152.0,6.0,3.0395943056456556,6.481506434308839,58.499807462578154,24.0,8.0
U0136,18-24,Images,18.380234811017083,65.0,5.0,2.398338360244435,4.555650215266667,87.20984927820126,12.0,3.0
U0137,25-34,Video,22.929783521427844,153.0,1.0,2.735889033738668,3.4477820801343,64.63390710980707,25.0,4.0
U0138,35-44,Stories,7.246876069507621,92.0,9.0,3.685257660716271,2.1802290414684284,58.703120297946356,2.0,2.0
U0139,18-24,Video,51.763930272082035,282.0,8.0,2.473186503203122,10.0,40.62949132300879,44.0,17.0
U0141,55+,Text Posts,1.0,133.0,7.0,3.611658455065018,1.0,65.65145785329352,1.0,0.0
U0142,18-24,Reels,39.373145423647294,290.0,9.0,4.2568065646487065,9.097838312950588,50.4266922879189,31.0,5.0
U0143,25-34,Stories,21.385528762859142,284.0,6.0,4.263950628752228,4.0009478703646435,56.72764909768275,18.0,2.0
U0144,18-24,Reels,18.620744234636014,274.0,5.0,4.073970601546529,5.148138485694799,65.22859234259778,19.0,5.0
U0145,18-24,Reels,30.16624975404619,296.0,5.0,3.571179674120972,6.052615962205356,50.52125824839736,29.0,5.0
U0146,13-17,Text Posts,1.7424731635972268,207.0,9.0,4.999205302397171,1.0,71.97256576153822,0.0,0.0
U0147,25-34,Reels,39.00821398422605,28.0,8.0,5.313763396204649,8.777938573371083,69.90955317292735,31.0,7.0
U0148,25-34,Reels,38.61370964873134,212.0,9.0,0.5,9.775396266163995,44.079109325149076,19.0,12.0
U0149,13-17,Reels,33.32006198821943,284.0,6.0,1.344279914571287,7.323766345675341,59.53202967989009,26.0,5.0
U0150,18-24,Text Posts,15.616610612470165,209.0,7.0,2.685804126031896,3.2981236252235377,66.34683107629623,20.0,3.0
U0152,18-24,Video,34.996863273882255,30.0,8.0,2.397404629245787,8.335102664161496,83.81270428521769,38.0,5.0
U0153,18-24,Stories,6.181258745791988,198.0,10.0,2.820756121520521,1.7708846567036254,37.11422110671276,3.0,0.0
U0154,25-34,Text Posts,16.49473912832307,242.0,14.0,3.11463814059619,3.677327084409865,51.105607676750324,16.0,5.0
U0156,18-24,Video,24.85240506814148,167.0,15.0,2.878644469724817,3.540390897662961,60.71937296257115,18.0,7.0
U0157,35-44,Video,31.385372333060143,33.0,6.0,5.634013897359965,5.230103831311896,83.2043375975627,23.0,4.0
U0159,18-24,Reels,27.460951509942607,190.0,4.0,4.387967395544566,4.721904620510538,71.22272280055235,20.0,5.0
U0160,35-44,Stories,8.176964196226855,58.0,5.0,3.3990414724524642,1.6717498907236583,70.59861197742103,7.0,1.0
U0161,18-24,Stories,29.218578562304707,299.0,7.0,3.672325619637888,6.047238517882673,32.43696094560078,24.0,6.0
U0162,25-34,Stories,41.20040722017259,46.0,11.0,3.326740533734496,7.258120860145046,82.55873114352273,33.0,10.0
U0165,13-17,Reels,12.510394749465249,191.0,9.0,3.756573278113914,2.180396581376572,53.49715802226933,6.0,3.0
U0168,18-24,Video,39.751677464953815,292.0,6.0,1.8380538876776746,8.906581033951003,42.17201420981222,33.0,5.0
U0169,13-17,Stories,17.975961590811462,30.0,7.0,4.475827723095207,2.85330209788305,87.52662734280497,12.0,4.0
U0170,25-34,Reels,22.107283482106936,60.0,6.0,3.8128329531320837,2.3978668113018227,88.1825012803604,14.0,3.0
U0171,35-44,Stories,7.078363672819103,257.0,4.0,1.6029394338805654,1.1815020117838224,51.877878670591535,9.0,1.0
U0172,13-17,Video,43.34751326324882,126.0,3.0,6.119179822171483,7.839050735361389,78.11857632051095,37.0,9.0
U0173,25-34,Video,44.13771621385585,110.0,8.0,4.3367592530280845,8.829166107652435,62.09823418487269,29.0,5.0
U0174,18-24,Text Posts,1.0,134.0,8.0,1.871493602429004,1.0,56.23872422612115,0.0,0.0
U0175,25-34,Video,50.89838978180684,162.0,4.0,3.735119339851086,10.0,74.60606707764484,31.0,11.0
U0176,18-24,Text Posts,17.740712208940014,235.0,5.0,1.0410081239928455,4.720829689622514,59.16175805704552,14.0,1.0
U0177,35-44,Reels,41.99594645145793,95.0,11.0,0.9283362866926064,8.02213243789875,74.42469892094462,36.0,7.0
U0178,25-34,Stories,4.578722515148849,26.0,7.0,5.294372654374815,1.002270594372113,95.80616840168011,4.0,2.0
U0179,55+,Stories,4.3417584458456115,294.0,10.0,1.699860667358498,1.0,57.26396823460308,5.0,1.0
U0180,18-24,Reels,26.51030690232703,114.0,9.0,4.68100745065775,6.312113214343574,92.62282359237776,18.0,2.0
U0181,18-24,Reels,33.02784426895194,53.0,8.0,5.25088424398479,6.76246529675238,75.63124653017249,32.0,7.0
U0182,18-24,Video,52.96360822926964,133.0,8.0,2.02395942991122,10.0,81.81562291082996,57.0,6.0
U0183,45-54,Video,42.060789138151314,77.0,11.0,6.619964385192731,9.172180882506225,71.78902940592569,32.0,6.0
U0184,45-54,Reels,25.573187231879665,57.0,12.0,3.639081474986414,3.1702731040122254,62.76267523009619,19.0,6.0
U0185,18-24,Stories,7.736307923341078,172.0,8.0,3.5725367054836545,2.3341773501641705,71.1209786745238,3.0,0.0
U0187,35-44,Images,5.352945742492851,109.0,6.0,2.02979192748118,1.0,89.84139990681695,2.0,1.0
U0188,25-34,Text Posts,28.284685547723218,154.0,13.0,0.5,6.945334466310227,70.23847231233329,13.0,5.0
U0189,25-34,Text Posts,9.156153503934906,150.0,4.0,2.3347190907478543,2.818299525906054,74.51769584716946,4.0,3.0
U0190,18-24,Stories,33.905820726178504,208.0,12.0,5.2493937360874225,6.591253487216922,43.51608364796076,33.0,9.0
U0191,13-17,Reels,34.78931290059278,171.0,4.0,1.9726691427192165,4.888014356766446,70.15033274391135,30.0,3.0
U0192,45-54,Images,13.630045105575418,205.0,12.0,2.1031363890100683,2.6686288116990586,58.79391294709002,10.0,2.0
U0193,45-54,Stories,12.806036281738734,138.0,9.0,1.57065786675351,1.5625774403505406,58.43917816664484,12.0,1.0
U0194,25-34,Stories,14.590921226539201,215.0,10.0,1.458103886570684,1.0,72.54527024302755,20.0,2.0
U0195,18-24,Video,39.283166923752376,52.0,10.0,4.831363048870081,8.438231529956166,61.87270503305199,36.0,8.0
U0196,18-24,Reels,28.771564962177166,130.0,8.0,1.6777226698472631,7.281277173349556,70.55056575920472,27.0,5.0
U0197,35-44,Reels,22.06188591931295,243.0,6.0,3.3023860389540243,4.318379332499544,49.55776906079585,19.0,3.0
U0198,45-54,Text Posts,10.343685896823677,11.0,11.0,2.967065299975986,2.327964060405132,81.63501772306557,8.0,2.0
U0199,45-54,Reels,28.785770297191497,276.0,8.0,4.934926254269261,7.09991229471861,49.603123180620294,32.0,7.0
U0200,35-44,Reels,6.71265905585188,41.0,8.0,2.245560303902141,1.5203960751918641,74.0941078918375,10.0,2.0
U0201,25-34,Images,19.581681147886986,215.0,10.0,2.853597264499955,3.3072182792198097,59.077008819765,12.0,5.0
U0202,13-17,Video,25.20278775283193,169.0,9.0,1.861365306351865,2.8117711319231624,53.50795517010464,14.0,4.0
U0203,18-24,Reels,16.46667596794255,129.0,8.0,2.539646786575994,4.108353414259068,77.37177871530616,9.0,4.0
U0204,45-54,Video,18.1265565288929,196.0,3.0,2.1479554444257727,4.043218573654185,67.0580213545252,19.0,9.0
U0205,25-34,Stories,1.0,222.0,9.0,3.282935708588033,1.1275106795760463,47.92180423285123,1.0,0.0
U0206,13-17,Images,1.4455249688771072,218.0,10.0,5.901291218497185,1.0,72.31465594506767,1.0,0.0
U0207,18-24,Reels,20.909790423695096,66.0,6.0,3.194713676192704,6.258620869893111,81.00998611521608,18.0,5.0
U0208,35-44,Text Posts,31.53259137526568,165.0,6.0,5.262109785550265,5.515887050665391,64.51939650783711,23.0,12.0
U0209,13-17,Reels,22.741203241047963,70.0,6.0,4.917513351560633,5.640812536854105,58.787685368016696,19.0,3.0
U0210,18-24,Images,16.777501062680315,290.0,7.0,3.4360936975700014,1.455732319179092,44.54674998656497,18.0,1.0
U0211,25-34,Text Posts,16.004813865063287,243.0,11.0,4.942310275848863,2.4261856090452474,36.82737296850408,10.0,6.0
U0212,35-44,Text Posts,13.310651862158487,24.0,7.0,3.8460078239707873,2.118009648768384,79.39906433329716,11.0,2.0
U0213,35-44,Video,34.225565392740066,192.0,8.0,1.3567251204124755,5.823271563182117,69.2677899752567,22.0,16.0
U0214,18-24,Images,3.0470623640075534,86.0,7.0,3.4416775465897556,1.0,64.16592791187149,0.0,0.0
U0215,35-44,Stories,32.50927548279212,206.0,9.0,3.808931152763152,8.122010378491881,59.45883411947421,30.0,6.0
U0216,18-24,Reels,46.07196643637885,136.0,3.0,6.144452591304673,8.874879427574164,76.32560743992173,30.0,8.0
U0217,18-24,Text Posts,1.0,41.0,4.0,2.1025112858010946,2.3290266402472954,69.66396939827108,2.0,1.0
U0218,35-44,Reels,17.759714091136203,136.0,14.0,4.186737583692665,4.6074908815012545,71.97582504350954,15.0,3.0
U0219,25-34,Images,12.201896576229938,81.0,12.0,1.6538098988154983,1.0,92.94546016846833,13.0,3.0
U0220,45-54,Video,25.354622050898087,93.0,12.0,5.81437390562766,4.7286912426249375,78.06174416254025,11.0,5.0
U0222,25-34,Reels,20.717277975933868,198.0,9.0,1.701614987060366,3.196805114028,59.9487357798193,25.0,6.0
U0223,13-17,Video,56.65056067806603,180.0,9.0,6.111723684945414,10.0,69.23964466575347,47.0,3.0
U0224,18-24,Video,46.90548594343596,37.0,9.0,5.1156343013886,10.0,81.29826473230528,49.0,13.0
U0225,18-24,Video,37.12574030632215,62.0,5.0,5.397808537471786,9.582229863469781,63.0730284307882,19.0,7.0
U0226,18-24,Reels,38.26986263319732,205.0,12.0,5.854840074613538,7.195495420784742,63.88451391669693,22.0,6.0
U0228,25-34,Stories,12.360525119417566,39.0,3.0,2.995573448751507,2.1197502922338347,71.54736194264507,9.0,5.0
U0229,45-54,Reels,19.83782755458035,129.0,1.0,5.753478602861715,3.569282835963616,72.63183386707237,16.0,3.0
U0230,25-34,Reels,28.781430629696473,46.0,9.0,2.160120644614446,6.567464770597554,93.03730940162028,23.0,5.0
U0232,25-34,Video,36.390603986534174,192.0,6.0,2.816983750379489,8.26277894038039,65.32664184359763,24.0,14.0
U0233,25-34,Images,1.0,115.0,12.0,4.000377096795994,1.0776329922320182,67.69432604623302,1.0,0.0
U0234,25-34,Text Posts,3.9717555604915766,275.0,10.0,2.1232198609766595,1.0,58.59923333242214,5.0,0.0
U0235,18-24,Stories,17.26027136405622,109.0,8.0,1.70335252650051,4.299715759932025,70.17081159608182,13.0,6.0
U0236,35-44,Stories,17.243343956741697,45.0,8.0,2.125901925147518,4.626561338833163,69.72559132554866,23.0,5.0
U0237,18-24,Images,34.725421767898084,219.0,7.0,2.9552358587143797,6.0863410665200695,51.937091324113624,23.0,9.0
U0238,13-17,Video,21.14012057601002,75.0,10.0,3.6057293351548645,4.26958694341805,77.11384441085353,17.0,4.0
U0239,25-34,Video,40.055892418358745,60.0,11.0,2.3581827527721613,7.687024146415674,75.3025478314456,36.0,6.0
U0240,18-24,Video,49.8911310832829,240.0,7.0,1.6827595218800582,9.34572867053144,62.21078243485364,38.0,9.0
U0242,55+,Video,30.956025768160387,109.0,13.0,6.207480087110256,5.955754479552601,80.02861307727458,20.0,4.0
U0243,45-54,Stories,22.914294527201996,166.0,9.0,2.878020008301734,5.056977102917692,77.5556796701674,14.0,5.0
U0244,18-24,Images,20.69760357198647,195.0,2.0,4.837923325251403,4.6219957909725595,62.019160045291855,13.0,6.0
U0246,45-54,Reels,27.01154798760694,64.0,3.0,4.4559837465657735,3.9469143928255086,83.36195655845762,21.0,7.0
U0247,25-34,Video,39.35975389500046,229.0,5.0,4.722961714648402,7.521291392122818,55.29328638747282,28.0,11.0
U0248,55+,Text Posts,1.0,192.0,12.0,3.507289531315412,1.0,63.12002120321701,2.0,0.0
U0250,45-54,Video,36.26177903661967,297.0,8.0,1.654454839101998,5.301414461894565,45.06680405947518,16.0,6.0
U0251,18-24,Video,32.77525103221735,291.0,5.0,5.225188032209381,7.366406698269481,52.27357539925808,20.0,4.0
U0252,25-34,Images,35.46862195719558,173.0,9.0,4.445834200254319,6.540217313570332,42.505151451060236,25.0,8.0
U0253,45-54,Stories,11.250659812094478,66.0,8.0,4.969544155911471,2.8228120218195887,67.15122760497167,14.0,1.0
U0255,18-24,Images,34.91553302204734,168.0,5.0,5.108279016429346,7.4533923078825755,67.06368998657788,23.0,10.0
U0256,25-34,Stories,9.679386951501433,249.0,7.0,3.8329296181532824,3.8180559409068326,47.137442893530014,13.0,2.0
U0257,55+,Reels,22.498847170634612,12.0,7.0,1.2209504421262602,5.499144908875891,66.46200380117972,16.0,3.0
U0258,35-44,Reels,26.5297457656915,158.0,3.0,3.921916742992736,4.852476836820335,89.4253669762507,19.0,6.0
U0259,25-34,Reels,36.407344821295496,40.0,10.0,6.189862570988283,6.929982160883947,68.98388086623545,28.0,9.0
U0261,25-34,Text Posts,1.0,89.0,5.0,1.6557076254066359,1.0,77.09192775458699,0.0,0.0
U0262,55+,Stories,12.678314368728104,32.0,7.0,4.602164602963013,2.905188218203108,68.49119688947772,14.0,5.0
U0263,18-24,Images,8.926455667877885,200.0,5.0,6.751683629488474,1.0,63.7628784494593,6.0,1.0
U0264,25-34,Reels,27.227789547769543,212.0,7.0,2.662592791392242,6.827781358911743,59.083064844731204,34.0,8.0
U0265,45-54,Stories,22.25843658629829,208.0,11.0,3.9890317393739045,4.493159453467892,47.472272346639116,26.0,3.0
U0266,35-44,Stories,22.18205755887972,108.0,4.0,4.213038512349063,5.789569816680283,69.70060452444399,23.0,4.0
U0267,35-44,Stories,1.0,234.0,10.0,3.8054183065883365,1.0,59.86228710504843,0.0,1.0
U0268,35-44,Stories,28.63940987560856,105.0,9.0,4.696563952591389,4.547869639725203,58.928366804008036,35.0,6.0
U0269,18-24,Video,37.52568845996623,33.0,10.0,2.8922378577148375,8.584490652063987,81.90962603128058,34.0,7.0
U0270,18-24,Reels,41.84532047593906,131.0,10.0,4.440166663512833,7.721731985848444,73.8701583987462,30.0,9.0
U0272,35-44,Reels,39.01322957735762,110.0,5.0,3.146297833869733,8.966716541798219,73.8537287474129,27.0,7.0
U0273,45-54,Reels,32.66545311450127,171.0,7.0,4.7083390916129435,5.720978132577387,65.1988026315918,26.0,6.0
U0274,45-54,Stories,31.46225756202748,261.0,5.0,2.9322045640514336,6.273689693857148,50.46339310561462,20.0,6.0
U0275,25-34,Images,20.222506360177785,299.0,3.0,1.434599944565917,3.5030173581241844,47.50806785438677,20.0,0.0
U0276,25-34,Stories,17.020847535570958,281.0,3.0,1.430371998176859,4.161869875563599,55.845537782923486,14.0,1.0
U0277,35-44,Stories,40.72434720446881,69.0,9.0,4.191790881622263,8.37149503215287,67.1941489111185,30.0,5.0
U0278,25-34,Reels,36.89037122279892,275.0,10.0,0.6857560688292588,8.289348949888053,58.28314571608204,41.0,3.0
U0279,35-44,Stories,23.73744421004413,192.0,8.0,3.639073723591576,3.5485838039729356,52.779919947204746,18.0,3.0
U0280,35-44,Video,22.23695583461664,142.0,6.0,2.3139552486291395,4.6884657369101825,58.510095420276926,19.0,6.0
U0281,45-54,Reels,15.116923825364623,109.0,5.0,0.5,3.114930839068328,56.2432514720096,16.0,4.0
U0282,18-24,Reels,30.927154821418533,38.0,7.0,4.523677543127576,5.436477932976182,59.00105233203574,28.0,2.0
U0283,18-24,Reels,29.455211977682406,114.0,7.0,1.3952047048839469,4.855332971385238,70.11137381663636,21.0,6.0
U0284,13-17,Video,28.85877434991684,37.0,8.0,6.962948335697487,5.68458030337974,56.74401445267428,27.0,2.0
U0286,13-17,Reels,43.886269280435954,270.0,11.0,3.400311424638331,9.957148927566084,52.1516268062075,37.0,6.0
U0287,25-34,Images,21.954024745502988,186.0,6.0,0.5,5.216586928399266,80.2612867065206,18.0,4.0
U0288,25-34,Reels,16.589914902472618,69.0,8.0,3.9437576472427724,2.631792272404303,79.17350203072571,19.0,5.0
U0289,18-24,Reels,26.884911728570565,5.0,9.0,6.251800613982079,5.120030933863625,84.60340416712575,21.0,5.0
U0290,25-34,Video,26.95033519147439,137.0,7.0,5.092501697395857,5.937061971810516,59.57064469572043,22.0,9.0
U0291,13-17,Stories,14.12300083591439,84.0,6.0,5.1875703795081485,3.4815581714150836,65.9568694505977,8.0,1.0
U0292,13-17,Reels,23.86384334370357,275.0,8.0,5.815269802073941,5.961385857746409,48.29308861499781,16.0,4.0
U0293,35-44,Video,30.223544173959947,245.0,9.0,1.619775551832638,5.980872188162707,55.14597078169229,25.0,7.0
U0294,18-24,Reels,15.44864628026605,32.0,8.0,5.129691322330199,3.248926623046337,70.95928575820619,9.0,5.0
U0295,18-24,Video,33.7234531848181,227.0,13.0,6.411529378449972,4.964577436042152,63.00547444117621,31.0,8.0
U0296,25-34,Video,29.3939236315269,27.0,9.0,2.5703796116944666,4.768586602337932,73.40601510777402,23.0,8.0
U0297,35-44,Video,5.7055130999773205,113.0,9.0,2.896901881162861,2.0522304661784574,79.85314135661054,4.0,2.0
U0298,18-24,Video,55.529720245016634,111.0,11.0,5.8295394151839375,10.0,60.6821610297377,40.0,10.0
U0299,25-34,Video,45.88769654216672,149.0,7.0,5.5920649823203865,7.501933717276604,72.5616029932277,34.0,7.0
U0300,13-17,Reels,24.23699275075004,143.0,7.0,2.194974164917166,5.61613867451453,85.0040430287388,14.0,7.0
U0301,13-17,Text Posts,12.188190497405984,288.0,6.0,1.5589146807719403,2.042937883154132,68.8814361844113,9.0,1.0
U0302,25-34,Stories,6.2834565268243825,103.0,6.0,3.3286446746030753,1.0,61.104959854759855,5.0,1.0
U0303,25-34,Reels,44.95722877810866,127.0,12.0,1.290092840560562,7.512455016474727,78.82446875781838,43.0,8.0
U0304,25-34,Reels,46.97288694773111,291.0,8.0,2.2115526673923362,7.92274783104109,28.684562361429716,39.0,10.0
U0305,35-44,Images,16.566937282465247,85.0,8.0,2.475151837088128,2.8667981983506476,55.937994770849166,13.0,3.0
U0306,55+,Reels,38.235306441853446,14.0,3.0,5.185442837139612,7.5058037255563885,84.60699099481698,26.0,11.0
U0307,25-34,Video,36.75286778933924,12.0,11.0,5.591901005743051,8.594377261371022,83.17511136672604,25.0,6.0
U0308,18-24,Stories,4.6327456112406935,209.0,9.0,5.192113367549897,1.0,65.11889167001884,3.0,2.0
U0309,35-44,Video,30.881766310363428,201.0,12.0,2.2641022948387204,5.8555550935150915,55.036123289467014,29.0,7.0
U0310,18-24,Reels,29.31927966771957,202.0,8.0,3.3715320745318094,5.574480928082028,48.641960399369594,29.0,8.0
U0311,25-34,Reels,23.454522812565557,34.0,5.0,2.8217116030968157,2.4382873967531107,58.52229188459202,22.0,6.0
U0312,13-17,Images,12.81346722564964,24.0,6.0,3.8199035989139203,2.0726604296235793,68.98466623170376,5.0,5.0
U0314,55+,Stories,17.191215021345386,134.0,7.0,2.7853387727346415,3.525230155508754,75.20334575708851,11.0,1.0
U0315,45-54,Images,15.522584904974831,297.0,10.0,1.9780338663407555,3.8802892025240414,53.26521105135778,12.0,3.0
U0316,35-44,Video,24.39394933603399,136.0,6.0,5.8604185000713045,5.960743807973627,68.36021557231355,15.0,5.0
U0318,18-24,Reels,15.154157343000307,285.0,8.0,4.009342275762762,2.380444638706238,65.56605909882974,6.0,3.0
U0320,18-24,Reels,6.943530581596754,219.0,9.0,4.799850178781673,1.493592480183188,69.6589141063156,5.0,0.0
U0321,25-34,Images,26.535903433169253,294.0,3.0,3.2458310020677823,5.157692284619652,54.094702755649074,14.0,6.0
U0322,35-44,Stories,31.863493972628433,47.0,7.0,0.5,7.406351779597498,80.0831056850811,25.0,6.0
U0323,35-44,Stories,14.978194130173787,78.0,11.0,2.7105627949181246,2.203935510359298,64.47013597248905,12.0,3.0
U0324,18-24,Reels,1.9686291217270124,282.0,13.0,4.187627293272521,1.0,55.59594247615194,0.0,0.0
U0325,55+,Text Posts,8.386894380327096,246.0,6.0,3.175772406481907,1.0,48.941910261138304,4.0,0.0
U0326,35-44,Images,14.358158387111807,134.0,4.0,4.264089848725971,1.5421148981765218,79.00526996231876,9.0,3.0
U0327,25-34,Text Posts,1.8940178007108663,198.0,9.0,4.199776778782968,1.0,66.44978699178023,3.0,1.0
U0328,25-34,Video,29.847816061917573,36.0,5.0,1.8600227870734403,6.149949279512297,72.12009551574513,16.0,3.0
U0329,25-34,Stories,33.30195198863351,110.0,7.0,4.526080851109998,5.616349409228443,76.0202902068721,27.0,6.0
U0330,18-24,Video,41.64927162301741,208.0,7.0,4.6628810871943465,8.222685552270592,70.41874771402746,36.0,3.0
U0331,18-24,Reels,18.754358856219,5.0,11.0,3.454235811288902,3.1529646275373433,70.78511931823363,15.0,5.0
U0332,35-44,Video,19.02400830404568,249.0,8.0,3.5222683531631187,3.7280249020525122,52.52936097373867,15.0,2.0
U0333,13-17,Stories,14.72982682390229,76.0,6.0,3.5151078205727995,4.390409414967595,62.680237621149004,11.0,2.0
U0334,18-24,Stories,15.865432206495617,19.0,7.0,5.769094956300817,3.259168110385127,77.70307948050214,10.0,3.0
U0335,13-17,Video,39.96199187363317,57.0,5.0,4.073873187287026,8.098388572348444,87.64722220405176,31.0,9.0
U0336,13-17,Reels,22.646832874323408,12.0,5.0,3.687449284932415,6.567287818532929,78.80613522055788,24.0,2.0
U0337,45-54,Reels,33.114995753618615,50.0,7.0,4.205244483159669,6.115626600846735,80.80684493706309,34.0,9.0
U0339,25-34,Video,43.15501022444263,151.0,10.0,3.3517180410998453,8.099790081493584,73.4001511936348,41.0,10.0
U0340,13-17,Reels,27.519114926692275,170.0,8.0,1.4971624575654037,6.289575436264893,62.36747619886482,17.0,3.0
U0341,25-34,Text Posts,10.168495289467053,143.0,10.0,3.6630729030791955,1.1289144326127492,73.32735312440569,8.0,2.0
U0342,25-34,Video,31.43326865820129,121.0,5.0,4.386165421681845,5.951803469849182,76.57803870459063,22.0,6.0
U0343,18-24,Video,46.806409124521444,280.0,7.0,3.9360020093328556,8.80013865868543,41.45414177746207,32.0,12.0
U0344,25-34,Reels,21.72686554048697,281.0,9.0,2.7525525312391528,3.301806368314105,45.06454856516681,31.0,4.0
U0345,25-34,Images,15.452227089999825,182.0,5.0,3.2068430505787835,1.0,57.680435802520776,16.0,1.0
U0346,25-34,Stories,18.51197901881085,158.0,9.0,4.98940728122383,4.109843246790433,81.95291658386522,9.0,5.0
U0347,25-34,Stories,12.98215807188468,205.0,7.0,0.9715449222261254,1.9595880504428238,73.07669481026184,6.0,0.0
U0348,13-17,Reels,14.275344521158992,119.0,6.0,2.384378508939807,2.5834405210527795,69.1016248454755,18.0,1.0
U0349,18-24,Stories,21.22974503617668,163.0,12.0,3.6976932403987623,4.116441785795711,91.09972479398019,20.0,9.0
U0351,25-34,Stories,23.002404694365698,251.0,5.0,6.2221776242158935,4.207466505734552,52.54281835006651,18.0,3.0
U0352,45-54,Images,9.663996935608331,72.0,5.0,4.834259589238188,1.0,84.55155553774873,4.0,5.0
U0353,35-44,Stories,30.208212988130477,200.0,5.0,2.610847014969648,5.582045579217094,60.441781086194524,19.0,2.0
U0354,18-24,Images,6.2322621878815525,94.0,8.0,0.8573054409023122,2.7446506559383836,62.11509065164885,7.0,0.0
U0355,13-17,Stories,35.120402840178926,115.0,5.0,6.301938458030021,6.4861680925390575,72.47762189303111,33.0,7.0
U0356,25-34,Video,17.523634901717383,149.0,10.0,2.2375883770635343,2.357179695455505,91.85900729528214,13.0,4.0
U0357,13-17,Images,19.347700645568914,279.0,12.0,3.718924935735728,3.379377384290495,43.74249966731616,15.0,6.0
U0358,25-34,Video,39.754306825266234,183.0,7.0,3.324635526487238,9.519253071056607,54.38176417853945,28.0,8.0
U0359,55+,Reels,20.044429320591178,245.0,8.0,3.3963587991236444,3.5597029766434556,44.74375266712218,18.0,5.0
U0360,25-34,Video,39.24393937861012,157.0,11.0,1.75080617241243,6.298907024617789,60.10271629512984,28.0,10.0
U0361,25-34,Video,47.795186697601586,108.0,10.0,6.19412768268137,7.733386544324301,80.02766712414112,42.0,7.0
U0362,25-34,Reels,5.831811606459354,79.0,8.0,2.187706413988071,1.0,87.77604692781493,7.0,1.0
U0364,25-34,Reels,3.067291796699223,203.0,9.0,2.832287129632184,1.0544811761613695,65.78795102515066,3.0,3.0
U0365,55+,Stories,8.343351964767919,158.0,11.0,4.420532537671139,2.766485876035275,71.93687499082738,6.0,3.0
U0366,25-34,Video,51.29166364900945,60.0,10.0,3.186165674273428,10.0,67.17627070270322,38.0,7.0
U0367,55+,Video,29.18217966607946,282.0,5.0,3.0302715217206093,5.847658696889184,59.218899869635344,17.0,10.0
U0368,45-54,Stories,6.261200355910274,23.0,13.0,5.130771186612492,1.0,81.45931758536604,9.0,2.0
U0369,18-24,Reels,26.02062271015318,163.0,6.0,3.0148490989669416,6.588973323379244,74.6199502330785,18.0,3.0
U0370,13-17,Stories,38.67906338163552,30.0,9.0,5.616427221708018,6.279029972577998,54.73587521444788,29.0,12.0
U0371,18-24,Stories,1.0,173.0,4.0,1.6498496556869142,2.5106061844756464,65.61171559616001,1.0,0.0
U0372,13-17,Text Posts,1.4869008836065554,27.0,10.0,3.125922543711951,1.0,85.44246603406717,1.0,0.0
U0373,13-17,Stories,32.974316831796266,51.0,5.0,2.210443971407374,5.869448561850403,85.36848787339247,26.0,6.0
U0374,35-44,Reels,46.57702343537733,17.0,9.0,3.5462059840398528,8.782584984034001,86.36302616065025,35.0,12.0
U0375,13-17,Stories,16.96568775709716,221.0,7.0,1.4400675162985177,3.4068451706943415,45.831698804432904,11.0,2.0
U0376,18-24,Reels,15.609472974733576,198.0,11.0,4.4293043131789736,1.7511093449538297,74.47044300004193,10.0,1.0
U0377,45-54,Reels,48.95843501809159,148.0,7.0,4.5787343201996755,8.906864262277011,72.6558320222778,42.0,10.0
U0378,13-17,Text Posts,27.944423917491967,77.0,6.0,5.759301983460906,6.523379577553068,72.48863167791704,29.0,9.0
U0379,35-44,Reels,34.78946987762233,160.0,12.0,4.771115739086867,8.298930384258801,64.3598149056309,21.0,8.0
U0380,18-24,Text Posts,3.875976510625799,81.0,9.0,4.754131050167353,1.0,89.53734623103756,3.0,0.0
U0381,18-24,Text Posts,11.509706591619633,173.0,7.0,4.521083632103914,2.63548162423759,69.82318400605223,12.0,1.0
U0382,35-44,Text Posts,10.396399189551692,291.0,8.0,3.1729204254056294,1.555858975667189,52.456420463938265,7.0,6.0
U0383,25-34,Images,18.308513046155777,89.0,7.0,5.928326511197634,4.163813745164683,62.60200028373277,15.0,2.0
U0384,45-54,Reels,42.51001438131336,186.0,8.0,4.331487794569036,7.604558589224094,59.13296032055129,34.0,14.0
U0385,35-44,Reels,36.79417041137403,116.0,8.0,7.2107156805653725,8.089958243872829,59.87492134767378,32.0,9.0
U0386,35-44,Stories,7.226239230152418,234.0,5.0,6.1306453760310475,1.3119768645795,39.08999117114567,6.0,1.0
U0387,18-24,Reels,41.764964500195376,100.0,6.0,4.019919475357664,7.860697499557394,72.23797251755992,31.0,9.0
U0390,35-44,Stories,32.66540859278603,109.0,4.0,5.8757036106988165,6.438591521981596,66.00679695103472,24.0,3.0
U0391,55+,Reels,16.88419750486449,197.0,8.0,1.1976070379395223,3.661821593272645,45.70319720080548,14.0,6.0
U0392,25-34,Video,34.64174421293537,136.0,5.0,5.4686182381952975,7.018237400079828,76.58724071425576,27.0,8.0
U0393,18-24,Reels,22.68545448640785,142.0,11.0,4.0598347385466145,4.631301692781654,64.65789303769428,15.0,6.0
U0394,35-44,Video,19.32140574634544,274.0,8.0,5.120462522309116,5.082282992960117,29.629179976228915,10.0,3.0
U0395,18-24,Images,18.4670997760492,42.0,6.0,2.421079785306959,4.525754422618192,84.1984944619697,14.0,6.0
U0396,55+,Reels,53.11556551584424,49.0,10.0,2.3534174295631067,9.263009865047335,92.79327789123624,38.0,15.0
U0397,45-54,Video,16.59922255494247,167.0,10.0,4.009031667252271,3.868497400237045,65.10018674239052,15.0,3.0
U0399,35-44,Stories,24.405429350747735,173.0,13.0,1.652729524951278,4.648317177139443,65.93650661630785,21.0,4.0
U0400,35-44,Stories,19.23078201656181,289.0,11.0,2.901977223268125,4.70085683819863,56.80783154785982,14.0,3.0
U0402,45-54,Video,22.007836365541756,24.0,7.0,4.127231064838002,3.435432064329846,70.13712051882162,12.0,2.0
U0404,35-44,Reels,20.432360229840736,274.0,9.0,2.997429954312427,4.849732205099794,53.80240173439794,20.0,8.0
U0405,18-24,Stories,1.0,35.0,18.0,4.6765401110542175,1.0,82.9527861266987,0.0,0.0
U0406,45-54,Stories,29.945922205137308,108.0,5.0,3.6823357037938367,7.829813271454616,75.52412665262884,22.0,6.0
U0407,25-34,Reels,37.58385819842042,174.0,5.0,4.053381976087785,6.406035388669084,58.40577724383164,28.0,4.0
U0408,13-17,Video,35.5166097685108,190.0,10.0,2.6056503501815405,8.372531038731484,59.05928107091173,31.0,4.0
U0409,45-54,Images,17.290746882057025,132.0,10.0,4.482102878798665,2.6006497107497792,64.8188176389069,17.0,3.0
U0410,13-17,Reels,38.74318012715561,214.0,10.0,3.198181406534327,7.843281431861529,53.56136108703629,23.0,11.0
U0411,18-24,Stories,20.243396567780827,285.0,6.0,6.187550089482482,2.4238283533315754,32.225687452261845,11.0,4.0
U0412,55+,Video,44.040175547613146,257.0,9.0,2.73366017114347,8.424420140119068,52.352770392009816,44.0,10.0
U0413,55+,Reels,25.0251779912615,23.0,11.0,4.968153320331721,6.328689700429877,74.71227497495646,14.0,7.0
U0414,25-34,Video,48.119837385739466,204.0,4.0,6.460404217084964,9.113375518690313,59.12523008607423,41.0,13.0
U0415,25-34,Reels,31.20785725932684,224.0,3.0,5.283022182551008,6.734647451537674,52.27344726725755,38.0,8.0
U0416,25-34,Images,16.94051943605874,140.0,6.0,2.1463727811035334,2.9013550223236333,68.90532094839814,13.0,1.0
U0417,18-24,Reels,15.29938911287968,227.0,9.0,2.0039765181494973,3.4905386191767827,84.38402837867635,13.0,2.0
U0418,18-24,Video,37.869558543017085,7.0,10.0,4.179933829462037,8.318706221873786,87.13072151830671,38.0,2.0
U0419,35-44,Video,26.680450825055487,240.0,7.0,3.592755119080916,4.658004618032066,51.25074655275794,22.0,9.0
U0421,35-44,Video,26.84624371683879,146.0,9.0,5.2928623564204,4.9670205563579914,64.26265195762484,38.0,6.0
U0422,35-44,Video,24.33765068100775,13.0,9.0,3.631086553971606,4.443494480889069,79.85806967001716,17.0,5.0
U0423,13-17,Text Posts,33.24771403016962,194.0,11.0,2.556776484300841,4.625524923273288,60.54945569381891,29.0,8.0
U0425,13-17,Reels,47.20367502144261,143.0,8.0,5.779006065701441,9.822370042704067,60.661155663783845,37.0,13.0
U0428,45-54,Images,2.0649237479590425,57.0,4.0,4.827701734306837,1.0,80.02028242137948,0.0,0.0
U0429,18-24,Reels,21.04305122802936,179.0,10.0,4.684817788635222,4.536891072060745,59.92048226545934,12.0,4.0
U0431,18-24,Stories,30.395840064415616,207.0,9.0,3.312189720009575,6.405220386036084,48.73098124788752,20.0,3.0
U0432,35-44,Text Posts,8.0377032189824,140.0,5.0,4.283486201350945,1.7247095224436908,49.99553399067211,6.0,2.0
U0433,25-34,Images,25.683793336940163,8.0,13.0,3.4554292227557704,6.014625220931729,81.26855067997002,18.0,2.0
U0434,18-24,Reels,34.04120889588518,159.0,10.0,5.39151348618777,6.810146178818161,47.10808901697517,28.0,9.0
U0435,13-17,Images,38.036387521047885,176.0,9.0,3.8199924520331776,8.361269234280684,57.40778697901464,27.0,4.0
U0436,35-44,Reels,13.205557768602759,51.0,8.0,2.615285347492577,4.065896882709182,71.21060557167951,15.0,3.0
U0437,13-17,Reels,40.59233239786799,98.0,10.0,4.029427148103627,8.03645283789598,67.73322857117438,34.0,10.0
U0438,35-44,Reels,39.464408704007276,52.0,9.0,3.018344314434441,7.629469707876874,83.60475957182427,20.0,6.0
U0439,35-44,Reels,18.266211619729653,244.0,5.0,4.588007856876838,4.215859956639431,66.14163838992292,14.0,4.0
U0440,13-17,Video,45.0713333647316,217.0,13.0,2.792895879225474,6.9535686914817765,50.86984930236101,27.0,12.0
U0442,55+,Reels,25.72523740046592,209.0,21.0,1.3427934815422398,4.235926699546732,54.88551676231822,20.0,8.0
U0444,18-24,Text Posts,4.808905485508141,8.0,5.0,3.8656564584344126,1.1118922568496468,78.3685105216057,6.0,1.0
U0445,35-44,Reels,48.49812095785926,80.0,7.0,2.8683990674734883,10.0,76.52987375402574,40.0,12.0
U0446,55+,Reels,28.006828189574826,81.0,6.0,0.5,6.809510567241158,60.566525780657585,20.0,3.0
U0447,55+,Reels,35.82130001531459,260.0,6.0,6.503794282841008,5.203155067040456,56.28127924573862,37.0,8.0
U0448,35-44,Video,27.091006183324467,106.0,5.0,4.7477500482611985,3.7316330302021106,55.36978015547831,29.0,1.0
U0449,18-24,Video,27.201470537783614,110.0,5.0,1.7730383333740114,5.478942953983053,61.19140580845002,26.0,4.0
U0450,13-17,Reels,38.81984809249942,43.0,7.0,1.988136891657494,6.2170302420929815,76.71251177797788,23.0,15.0
U0452,25-34,Images,10.847862320947286,92.0,14.0,3.4374984701556115,1.431623177447266,48.924993237981596,8.0,0.0
U0453,25-34,Stories,18.34027411072232,215.0,11.0,5.859623311281577,1.5830222406004486,46.92994209558833,13.0,2.0
U0454,45-54,Reels,29.113726018400524,81.0,7.0,3.2161504572390647,4.7950865060354495,62.509470600784255,32.0,6.0
U0456,25-34,Video,38.958197810959234,32.0,6.0,5.104055808887276,7.305623486795412,71.55779458731497,33.0,6.0
U0457,13-17,Reels,34.92855755817811,249.0,6.0,4.134358488393199,8.483440344960014,58.16621208735556,26.0,6.0
U0458,25-34,Stories,25.3463754545933,70.0,8.0,3.567211879787437,4.501116856979996,92.59680875042025,17.0,3.0
U0460,18-24,Reels,25.158449020712027,209.0,10.0,1.007713956139611,4.50224651572319,62.913746551901895,25.0,5.0
U0462,25-34,Images,23.946471875738723,205.0,13.0,5.583655997155963,4.397025612838461,70.16528088776789,17.0,5.0
U0463,35-44,Stories,4.27140548518936,229.0,5.0,1.8037803624976807,1.4104455335886912,49.24641255147566,4.0,1.0
U0464,25-34,Stories,21.514799003522015,146.0,11.0,3.1020949019962547,5.027426379070322,74.131073182497,21.0,7.0
U0465,55+,Stories,1.0,88.0,7.0,0.7364269573003757,2.2614885082971554,84.10653513370892,0.0,0.0
U0466,18-24,Video,35.469349020603694,147.0,7.0,3.011178749595343,7.108744101369351,80.6092514605017,21.0,8.0
U0467,18-24,Reels,46.97767016745977,37.0,1.0,2.6933516634683885,9.943379182134576,91.98523869598947,27.0,9.0
U0468,45-54,Video,25.521072827310135,156.0,14.0,6.220714497899745,4.0774321028637,53.39778320974323,29.0,4.0
U0469,18-24,Reels,19.65676954508418,162.0,3.0,2.9693499286139406,4.619032268493117,66.19699794727335,17.0,2.0
U0470,55+,Reels,35.640297815728594,145.0,7.0,4.105403669523556,7.153293127667472,58.596479249450894,34.0,2.0
U0471,13-17,Video,19.57198484790354,255.0,7.0,5.677638211510805,1.2521233527577125,41.43637062449727,17.0,6.0
U0472,55+,Images,8.67244970114961,116.0,14.0,0.5,1.0,73.1859886420958,7.0,5.0
U0474,45-54,Stories,11.657141523105969,213.0,6.0,2.000890434573347,1.5930412588563294,60.40888978598134,8.0,3.0
U0475,25-34,Reels,25.640300127890285,228.0,7.0,2.0364457652790673,5.434642342302451,52.45144868776925,18.0,1.0
U0477,13-17,Video,39.21546083536561,268.0,8.0,2.916744186650271,8.459163286199555,68.28887245015856,30.0,8.0
U0478,25-34,Text Posts,14.668183962954018,248.0,9.0,2.1087108855321977,1.0,51.01422769481216,1.0,1.0
U0479,55+,Video,31.608777207299614,7.0,12.0,3.032790324063654,7.280065857985595,79.06445488927538,14.0,5.0
U0480,25-34,Text Posts,15.700611152689554,129.0,9.0,5.103002992155024,3.385704521023693,72.05278243900874,13.0,1.0
U0481,25-34,Reels,26.762673199002435,272.0,6.0,4.379494284616584,4.087541381966458,63.073283553120405,25.0,11.0
U0482,35-44,Images,19.578056099257847,88.0,10.0,7.728616422054989,3.8906751029572746,76.02209386788265,13.0,10.0
U0483,25-34,Images,10.030679748820218,20.0,11.0,3.929922276774616,4.197161889555195,79.14717859369955,8.0,1.0
U0484,25-34,Video,33.17431025620459,63.0,4.0,4.550033717830527,8.100091721185922,59.52542455542509,25.0,9.0
U0485,25-34,Reels,18.10042207447986,181.0,5.0,5.536258584534745,5.297650200139257,81.52961279559976,12.0,7.0
U0486,45-54,Images,14.64992389993764,67.0,9.0,1.8759965596439692,2.717085701039645,66.98897308421735,17.0,1.0
U0487,13-17,Reels,19.88999136371155,53.0,9.0,5.501899053354083,5.114464701331762,85.31241125286711,13.0,7.0
U0488,18-24,Text Posts,1.0,250.0,8.0,2.1795720369060683,1.5102260644947751,55.31403896763828,1.0,1.0
U0490,45-54,Reels,30.127397758576603,290.0,6.0,5.0207288552319795,7.316140075700938,37.99014584543216,20.0,8.0
U0491,25-34,Reels,35.82873734948573,19.0,6.0,0.7262136804443893,8.22990812360345,71.74740721113831,27.0,9.0
U0492,25-34,Video,30.68874430424901,259.0,6.0,3.026648958914497,5.464904957734538,52.69728241726627,23.0,3.0
U0493,18-24,Text Posts,16.080528468367557,96.0,5.0,3.4728899141362852,3.3095739855799065,61.23261747558384,10.0,7.0
U0494,18-24,Reels,33.50797572273663,283.0,14.0,1.8960017227288661,8.059789967434488,46.332822583024395,23.0,8.0
U0495,25-34,Reels,32.44773807831595,210.0,10.0,4.075479949574293,6.43158142072842,71.91145591652067,27.0,7.0
U0496,18-24,Reels,19.74346317197858,98.0,9.0,6.119535281171554,4.832098818372288,75.72509463924493,19.0,6.0
U0497,25-34,Stories,19.49363482271189,229.0,7.0,2.1198545417088086,3.4272887647772308,71.57676910395202,16.0,1.0
U0498,13-17,Text Posts,15.641402960546614,203.0,5.0,5.355059213376262,2.03332559883429,60.35393753887663,13.0,2.0
U0499,55+,Images,15.071784669079419,275.0,7.0,4.312461202645987,1.8152777466854746,50.911708086134915,9.0,4.0
U0500,55+,Reels,7.135223416289154,238.0,7.0,1.5417666318146015,1.1457830589211133,43.12257411088497,6.0,2.0
U0501,35-44,Text Posts,13.604896239734801,50.0,4.0,2.9499686882194474,3.1592888635388903,85.47697651540004,8.0,6.0
U0502,25-34,Text Posts,34.12531039397242,68.0,6.0,3.9637716154735605,5.067832095906105,71.58799345898764,35.0,10.0
U0503,18-24,Stories,14.399607312430174,234.0,8.0,5.955506758253573,4.806166296109864,58.54622188745098,13.0,3.0
U0504,35-44,Images,7.719229021446789,253.0,6.0,4.77712338534001,2.6116223968268546,49.10672347887821,5.0,2.0
U0505,35-44,Video,38.73348559711398,250.0,6.0,2.5455400836532673,8.260499061539893,83.45848209689078,40.0,7.0
U0506,18-24,Video,38.123782104665715,79.0,12.0,4.167844257631144,8.440540840425047,73.33032665191898,30.0,8.0
U0507,45-54,Text Posts,23.927351654164145,161.0,8.0,0.5,4.137786487971992,56.75045993616445,13.0,6.0
U0508,35-44,Reels,15.421318440911122,227.0,6.0,4.929313104706469,1.6084070364883751,45.70716912982546,11.0,3.0
U0509,55+,Text Posts,19.313802525749924,194.0,8.0,2.425866621672286,4.272604223033509,65.88307133477039,23.0,5.0
U0510,35-44,Images,20.904220612514635,56.0,8.0,1.991132097780139,5.224995446451242,66.8665384897554,20.0,5.0
U0511,25-34,Video,33.57853463059454,92.0,10.0,3.103044745259122,6.221908895846623,66.28826489901873,32.0,10.0
U0512,25-34,Images,18.3868731792169,70.0,9.0,1.7065820001289853,2.7331984260977196,57.721429955026636,9.0,6.0
U0514,45-54,Reels,36.72315380028451,24.0,14.0,5.1553964530900664,7.8257773691585175,78.1628401952129,30.0,8.0
U0515,13-17,Stories,6.569806879262714,37.0,9.0,0.6135750331424399,1.9159058036592056,94.87918562765934,3.0,1.0
U0516,13-17,Images,23.201581867554843,285.0,12.0,3.4668601222825157,6.450328103060547,46.14112606661801,16.0,6.0
U0517,18-24,Video,34.353113949674814,50.0,8.0,3.3389885501037306,7.316966202403726,53.028628473401014,28.0,9.0
U0518,35-44,Reels,28.728740980155155,77.0,7.0,4.353798273916723,4.91268937771623,70.0769538722852,30.0,4.0
U0519,55+,Stories,18.731969910016947,137.0,8.0,3.2961158533784722,3.449010582155004,79.3293007059801,11.0,4.0
U0520,18-24,Stories,16.4975701120174,59.0,8.0,5.0085570390529295,2.2523020348443756,80.20471001429678,15.0,6.0
U0521,25-34,Stories,29.917074971070647,65.0,12.0,5.627839527036345,7.090272644498491,84.36276920281247,20.0,7.0
U0522,25-34,Video,34.16282040150788,12.0,8.0,5.129538506783435,5.717375590885174,83.32038171053975,31.0,6.0
U0523,55+,Reels,16.804538716168313,276.0,7.0,2.4850849196699154,2.7953868279533896,48.01213223774612,13.0,3.0
U0524,45-54,Reels,24.064701440302713,250.0,9.0,6.492125139839491,5.29436869135704,43.757224379194305,20.0,6.0
U0525,45-54,Text Posts,13.786947168104756,180.0,6.0,1.8564656515650477,4.352684840699464,52.17306618834382,11.0,2.0
U0526,25-34,Reels,40.29214784297051,120.0,7.0,4.660190533523499,10.0,61.97884855941183,34.0,7.0
U0527,25-34,Video,41.03094684948834,275.0,6.0,5.317239203994274,6.865816828942577,58.84021514273759,27.0,14.0
U0528,18-24,Images,6.494647212529561,197.0,10.0,6.711580459203703,1.936529073326905,59.495559697399905,1.0,4.0
U0529,13-17,Video,59.85189916678891,154.0,6.0,5.103689480699776,10.0,46.60764098297293,44.0,12.0
U0530,45-54,Images,17.647753109779796,135.0,10.0,2.4553072573933816,3.280254008928407,69.70165937997719,15.0,3.0
U0531,35-44,Stories,30.753907379990146,106.0,8.0,4.969730100754806,5.867903607388046,81.62696521511532,29.0,7.0
U0532,55+,Text Posts,10.482855664227708,274.0,9.0,3.391759808561506,1.0,36.8194604267619,10.0,1.0
U0533,55+,Reels,33.33359244705449,296.0,11.0,5.248336200301026,8.333517454140141,55.897361873869414,25.0,6.0
U0534,25-34,Video,43.39468504518405,214.0,7.0,3.8841476296780013,6.597998504413676,37.48986631179642,41.0,13.0
U0535,35-44,Stories,30.18194711754256,71.0,10.0,5.738010859752695,5.888779279132388,64.1424667508674,16.0,6.0
U0536,55+,Text Posts,22.57368305378225,14.0,7.0,3.637748817957667,6.012110808691489,65.76285742324008,8.0,4.0
U0537,45-54,Stories,26.721970000729776,53.0,7.0,5.00430924777445,5.571478993320943,81.54664579574113,23.0,5.0
U0539,25-34,Text Posts,6.282539580439386,223.0,9.0,5.369869932685047,1.0,68.32114800463974,4.0,0.0
U0540,18-24,Text Posts,15.326075103241976,61.0,9.0,0.5,3.9445248181420904,84.18252168585752,15.0,6.0
U0541,55+,Stories,27.331280723410693,287.0,8.0,4.654316783771515,5.160489128545027,41.98594715424113,23.0,2.0
U0542,25-34,Text Posts,9.77279299223393,117.0,9.0,4.148027086166774,1.9225167872778688,74.12882846400898,11.0,1.0
U0543,18-24,Text Posts,22.651719657143865,137.0,5.0,3.8232727712244854,5.152546750046282,68.69503380082098,21.0,3.0
U0544,35-44,Stories,32.52616745486179,75.0,9.0,0.5,7.435426307346798,60.74542748778893,20.0,2.0
U0545,25-34,Video,25.836790809265803,87.0,8.0,2.8560546823066852,4.6092604448330885,82.06031981243532,20.0,4.0
U0546,18-24,Reels,19.6307929620372,61.0,11.0,5.403811930582499,2.560513246793253,78.23738216685989,14.0,8.0
U0548,35-44,Reels,31.076126681891964,115.0,10.0,1.3966021506330346,7.596218329237756,76.71239942532927,33.0,7.0
U0549,25-34,Reels,22.75432986232949,80.0,11.0,1.9852745984469737,4.619343148391652,73.47948504375414,20.0,6.0
U0550,35-44,Video,48.52202678867144,162.0,8.0,5.383048803491485,8.45521745521142,75.81198569719245,43.0,11.0
U0551,25-34,Reels,32.24066861518451,24.0,8.0,4.286383035407355,5.514772674299123,96.48023563810595,25.0,7.0
U0552,45-54,Video,35.39447048240739,135.0,8.0,5.732194203683475,8.243404882607498,63.70855247541777,35.0,5.0
U0553,25-34,Text Posts,1.0,126.0,8.0,4.64317954656333,1.0,64.49826943458197,2.0,0.0
U0554,25-34,Images,1.841841835724928,45.0,7.0,2.2969114980218768,1.0,70.59226307389912,2.0,0.0
U0555,45-54,Video,37.810092502818065,171.0,4.0,6.337609749510733,6.459873028256902,63.0739626942083,41.0,10.0
U0556,25-34,Images,1.0,134.0,8.0,2.6838716153694575,1.3528671143604343,80.1099471026905,2.0,0.0
U0557,18-24,Reels,38.12637409644071,27.0,6.0,2.358086363627982,7.05744379884251,66.69059342801495,31.0,10.0
U0558,13-17,Reels,26.418461556276796,283.0,7.0,3.975871673102435,7.378490096971223,37.99575714505358,16.0,7.0
U0559,35-44,Video,67.43092969594733,255.0,8.0,4.220832812594962,10.0,56.85958703389906,46.0,15.0
U0560,25-34,Reels,51.079162506161104,13.0,6.0,4.8504397105721,10.0,78.32543012782561,44.0,13.0
U0561,35-44,Text Posts,10.185509307524832,17.0,12.0,3.0888761854537066,2.5353016417790557,80.23047771453379,9.0,2.0
U0562,18-24,Stories,16.936629974686852,56.0,8.0,5.708437323174178,4.4203692412124385,54.83557707877428,17.0,2.0
U0564,13-17,Video,52.031726099180375,42.0,7.0,1.9495096541129624,10.0,77.85307436540029,49.0,6.0
U0566,25-34,Reels,10.136245346453133,197.0,9.0,3.2436500896865885,1.9826547739041638,64.43510547995733,8.0,0.0
U0567,25-34,Video,28.779651944456184,195.0,8.0,4.844464033122779,4.487374189449495,56.48567298946891,17.0,3.0
U0568,25-34,Reels,33.82737583173864,55.0,12.0,4.66410962258737,6.7717238490701535,77.04956940297683,25.0,6.0
U0569,45-54,Text Posts,16.96873590507597,145.0,7.0,4.053641470171329,2.1826886636672937,80.29557134551918,14.0,3.0
U0570,18-24,Images,25.6977145498385,172.0,8.0,2.869168106060254,4.2710110158307995,55.59533271764088,10.0,3.0
U0571,25-34,Reels,16.003024716346918,113.0,6.0,5.445052620431535,1.0,74.5449710051792,6.0,7.0
U0572,35-44,Images,1.0,211.0,11.0,3.6963528242273256,1.0,63.27772497553601,0.0,0.0
U0573,25-34,Reels,36.58014195302145,114.0,15.0,4.163713012879994,6.596310694992315,74.54065005725663,23.0,6.0
U0574,25-34,Reels,19.718037270347654,200.0,14.0,1.8144754802448806,3.634622664532644,50.910281542188805,17.0,4.0
U0575,45-54,Video,14.815121356113622,156.0,8.0,0.780128052866409,4.153663175379769,70.77563349593648,11.0,4.0
U0576,55+,Stories,19.450637459593818,247.0,9.0,4.86609133941327,3.837386394731688,60.92327434061985,19.0,5.0
U0577,18-24,Images,22.931756882186775,132.0,8.0,7.350016484373438,5.514448157313771,82.46755612510779,18.0,3.0
U0580,18-24,Stories,16.406377678540935,152.0,6.0,4.842486198694186,2.3753098980645704,67.09153985170717,15.0,2.0
U0582,55+,Images,1.5195288805983296,194.0,10.0,1.244029160267639,1.0,58.63271660055037,1.0,0.0
U0583,25-34,Reels,20.853193230095684,98.0,6.0,4.676117284389008,3.128298395085882,65.64232722826925,8.0,6.0
U0584,18-24,Reels,33.212799050138145,233.0,8.0,5.86808361095478,6.412811431759597,66.45681179271325,32.0,8.0
U0585,25-34,Stories,21.216785413765002,67.0,9.0,4.392877808254859,3.293826773440543,76.37325031313794,20.0,6.0
U0586,18-24,Stories,19.680598059668203,29.0,8.0,3.266963988481341,2.716984890702342,67.28056765215449,8.0,1.0
U0587,13-17,Video,25.048515181466207,272.0,11.0,4.244834802089453,5.365108205987388,44.383177815900105,19.0,7.0
U0588,18-24,Stories,16.18496837864333,285.0,8.0,3.5221714127493158,5.102109525120463,77.01928957589504,8.0,3.0
U0589,18-24,Video,13.229349535571451,15.0,6.0,5.593327874715601,2.395624204126409,74.21344741185342,10.0,5.0
U0592,25-34,Text Posts,1.0,194.0,10.0,5.340731487306062,1.0,58.1065574897125,0.0,0.0
U0593,18-24,Stories,12.140723266822448,93.0,12.0,4.73080224337617,3.857104185769988,82.42444182838611,10.0,3.0
U0594,18-24,Reels,31.291067787101294,120.0,6.0,3.7435540785194923,5.981594233071738,63.45308547675185,25.0,7.0
U0595,45-54,Video,47.528426344274834,181.0,5.0,1.3846378205775407,6.266895448537613,58.88028534764969,39.0,5.0
U0596,25-34,Text Posts,7.517753836998506,18.0,9.0,4.310409135741689,1.0,91.94850266759505,7.0,5.0
U0597,35-44,Reels,21.077496707341037,261.0,11.0,5.0450880667644,4.322220494652459,50.05299487663896,16.0,4.0
U0599,18-24,Reels,29.034381293081065,285.0,10.0,4.279560216586492,5.577300901959219,40.22157100059633,21.0,6.0
U0600,13-17,Video,55.42076040143744,109.0,9.0,3.6660287844109125,10.0,74.24484437415029,43.0,13.0
U0601,18-24,Stories,20.77358461964676,151.0,9.0,0.5,4.240699459561844,57.88830519897839,14.0,3.0
U0602,18-24,Video,34.77721020816287,283.0,11.0,4.151270630548792,9.010574007264529,62.999114214843225,31.0,3.0
U0604,13-17,Reels,27.88907996051398,122.0,4.0,3.694231742517937,7.74120822890011,75.42328550741554,28.0,8.0
U0605,18-24,Video,26.869856277398704,98.0,13.0,0.5346645219219397,5.84565932049286,73.73820297511314,24.0,6.0
U0606,25-34,Reels,36.232799156777055,148.0,9.0,4.1880941659056,6.576238315598563,75.79778057106992,33.0,7.0
U0607,18-24,Video,37.25761523111754,293.0,8.0,5.295880976359201,8.318445445232225,69.53742772580101,39.0,6.0
U0608,18-24,Reels,28.176132519336573,18.0,7.0,2.3714795714610943,3.200602134456233,83.84738116749651,22.0,7.0
U0609,25-34,Stories,8.246339727217501,261.0,6.0,3.2896902219626907,1.6339874908134018,59.05952381809669,2.0,1.0
U0610,35-44,Video,48.03507931934759,190.0,10.0,3.095195105517143,10.0,72.12153917860901,38.0,4.0
U0611,13-17,Text Posts,18.6470274533311,211.0,8.0,3.784290857511029,4.260484992992627,53.26071587735947,12.0,4.0
U0612,35-44,Video,29.470791626326978,176.0,7.0,3.0486450375186855,6.531217002777451,67.8153022387804,25.0,7.0
U0614,13-17,Stories,13.024291616147927,225.0,6.0,5.589532775281542,2.902113358211067,49.91092424581066,10.0,3.0
U0615,45-54,Reels,20.17996507488963,156.0,11.0,2.6967322105292073,4.758882768545245,59.642423655909035,10.0,5.0
U0616,45-54,Video,27.402968825197128,115.0,7.0,5.626449131833581,4.920803463987409,81.18584106270168,18.0,7.0
U0618,18-24,Reels,32.71542380418206,76.0,11.0,2.3867990412886853,6.0830208715146386,64.5932439527711,28.0,7.0
U0619,35-44,Text Posts,1.0,287.0,9.0,4.538628265358254,1.356954542381339,58.89254025086258,0.0,1.0
U0620,35-44,Reels,15.715561687342374,78.0,4.0,3.736213845109586,3.1230228106527544,55.72736969027095,20.0,2.0
U0621,18-24,Text Posts,1.0,219.0,8.0,3.8218880644512154,1.0,39.388991972685204,1.0,0.0
U0622,18-24,Images,14.139303072091069,27.0,4.0,4.17242155805344,3.709998041738168,74.7704862245789,14.0,7.0
U0623,18-24,Reels,26.49679539728128,72.0,9.0,2.8798979529907807,6.805875820671027,70.11616402708046,17.0,7.0
U0624,25-34,Images,11.73303786813636,97.0,9.0,5.485481054491867,2.3871686168957127,80.73439837696374,6.0,2.0
U0625,25-34,Reels,17.574223053294237,67.0,4.0,4.649927124003728,3.73097736335691,85.30361005304756,15.0,2.0
U0626,18-24,Images,3.2776624656336004,228.0,9.0,3.455270129423148,1.0,56.185005895535205,5.0,1.0
U0627,25-34,Video,39.64369863546574,229.0,8.0,5.000068123118436,7.059417147050569,55.019934869968466,25.0,2.0
U0628,35-44,Stories,12.494480682915123,107.0,7.0,4.2952244983006125,1.0,61.53673226898308,13.0,3.0
U0629,13-17,Reels,31.16358321536145,219.0,5.0,3.247696680213754,5.827357346868799,57.00125920997243,22.0,5.0
U0630,18-24,Reels,19.147513138757773,196.0,9.0,3.1835800360545385,3.161624257160936,34.830641215331624,11.0,5.0
U0631,35-44,Stories,19.810627427710823,164.0,5.0,1.8882910698851663,3.1707689101927126,59.08597286618271,16.0,0.0
U0633,25-34,Video,40.861658003927836,273.0,7.0,3.3341379749796665,8.69769370844081,44.849533781158286,32.0,4.0
U0634,25-34,Video,30.875861817835197,198.0,9.0,3.7381309349021388,4.384901509285188,53.76312791401854,24.0,10.0
U0636,25-34,Stories,15.593348254697869,241.0,10.0,3.6729563607472344,3.15182295540479,55.83511645544346,9.0,5.0
U0637,25-34,Images,15.07880184694728,92.0,8.0,2.7992007276892936,3.985453527387948,79.4282700952091,14.0,3.0
U0638,18-24,Text Posts,8.743889478514964,15.0,6.0,2.5426881402892576,1.0,82.76414453844117,6.0,4.0
U0639,18-24,Images,13.356647941146088,191.0,9.0,4.389327245790912,3.7217000540038576,69.71161889088174,3.0,3.0
U0640,18-24,Stories,20.120933530741752,218.0,4.0,3.8707935108105214,1.2923455579161138,63.92729487000331,13.0,2.0
U0641,13-17,Reels,18.066413004180493,19.0,8.0,3.410666299610667,3.615415334634046,79.2471012239712,12.0,6.0
U0642,18-24,Video,24.841211730100216,270.0,9.0,4.377823948193917,5.274333136235319,75.315413981827,18.0,4.0
U0643,18-24,Text Posts,1.0,77.0,11.0,1.687368751081718,1.0,65.13887101565425,1.0,0.0
U0645,18-24,Video,22.82717307779521,132.0,5.0,3.0046927533840604,4.6921304375879584,65.2739016756146,18.0,7.0
U0646,45-54,Reels,29.594625068041292,32.0,10.0,3.3449652279219557,5.8832266862655,76.19782218564238,15.0,8.0
U0648,35-44,Reels,33.13614464231096,21.0,9.0,2.558392034391882,6.3384524345192235,68.35675614279647,22.0,11.0
U0649,35-44,Reels,28.347137487525618,142.0,6.0,2.590192555858778,5.067544787163512,85.37270473793691,23.0,8.0
U0651,13-17,Video,41.549755842216896,258.0,4.0,1.8751411081914273,8.989932998393908,44.56327583714,27.0,7.0
U0652,25-34,Reels,36.1079864559171,214.0,10.0,5.023767300475983,7.41538120736767,61.24256159028533,43.0,11.0
U0653,25-34,Reels,18.061373251651467,298.0,5.0,3.5130321937574553,5.499473638092032,61.156163217035406,14.0,9.0
U0654,35-44,Video,39.20191542894992,235.0,7.0,2.3327558979752334,8.875196909309834,72.60911813079912,33.0,9.0
U0655,25-34,Text Posts,3.43501762590801,245.0,5.0,1.8558912363631026,1.930954927304223,31.517598051892566,2.0,1.0
U0656,18-24,Reels,28.976703767483354,74.0,8.0,3.219779275172332,7.376438393821666,80.2728065407176,29.0,3.0
U0657,18-24,Text Posts,1.0,108.0,6.0,4.478941634049278,1.0,86.76904413510198,1.0,2.0
U0658,18-24,Text Posts,1.0,208.0,9.0,3.479420937132103,1.0,53.247462464397486,1.0,0.0
U0659,25-34,Video,31.171828103870315,57.0,5.0,4.875958242100114,4.450512708257472,71.98362803952077,37.0,6.0
U0661,18-24,Reels,24.02320306385396,280.0,8.0,4.708049152431106,3.8381308945285424,46.40709084009115,12.0,6.0
U0662,55+,Images,3.1596944177744053,35.0,10.0,4.771835741678878,3.9587194211988623,65.84767923642954,2.0,0.0
U0663,25-34,Video,31.00100937868863,139.0,6.0,2.699792382216485,5.357969941419038,75.44762484763599,35.0,7.0
U0664,18-24,Stories,20.69294752580734,62.0,6.0,4.6719370932955435,3.123715183123622,72.73790382558285,17.0,7.0
U0665,18-24,Stories,17.55106969877463,109.0,8.0,6.696621921366905,4.287945788841833,39.06343080875396,16.0,3.0
U0667,18-24,Video,28.29884799545767,14.0,15.0,2.9184341303725683,7.456688743021588,71.693415054384,20.0,9.0
U0668,18-24,Stories,29.717179147161595,257.0,10.0,2.6300148470644027,5.693795379605757,62.85460696245715,24.0,5.0
U0669,18-24,Stories,6.238266634452193,299.0,11.0,3.6708811157976986,2.4077446229248363,49.42266310586832,8.0,2.0
U0670,18-24,Reels,32.875602970867185,160.0,8.0,4.656106246628722,6.412686831539274,63.055616326343454,22.0,10.0
U0671,18-24,Stories,29.818910929599618,162.0,9.0,3.767991249094361,6.509689314242677,70.22909569475675,16.0,8.0
U0672,45-54,Reels,32.80908092748896,41.0,6.0,1.839210567192036,6.348210695059104,86.4779322503745,24.0,9.0
U0673,13-17,Stories,15.9747577293517,123.0,7.0,4.637010255250206,5.10884681445488,70.37545400906568,12.0,3.0
U0674,25-34,Video,29.71702953337021,71.0,5.0,4.907316647390108,8.211025100028367,66.35973118675295,14.0,5.0
U0675,25-34,Images,25.36087651046256,246.0,12.0,2.1833361976971313,3.8823744961981848,40.34992640418075,17.0,5.0
U0676,55+,Reels,13.770250747383269,217.0,5.0,4.9412362603836995,4.03107188285544,72.79989384984864,10.0,2.0
U0677,18-24,Reels,18.298757396203563,105.0,13.0,3.682185666326629,2.7295468407044554,100.0,8.0,2.0
U0678,25-34,Video,31.024422345082787,60.0,11.0,4.23107072197225,7.366919978876819,75.24055266459533,28.0,6.0
U0679,55+,Video,47.37653757511998,243.0,8.0,4.256603362012698,10.0,58.86394919134031,40.0,13.0
U0680,45-54,Reels,31.79767636040896,235.0,5.0,3.9320844583796393,5.397685613466475,71.5418905235764,27.0,7.0
U0682,18-24,Text Posts,8.896922946150964,283.0,7.0,4.249985436022281,1.2842217694939402,61.241514471891755,7.0,1.0
U0683,18-24,Video,28.856768559037057,113.0,12.0,3.569102706531316,6.939284906251068,72.45744912433251,20.0,4.0
U0684,35-44,Reels,20.90211007766465,172.0,7.0,3.994245768414761,4.656117916285153,55.10846841949753,20.0,2.0
U0685,45-54,Reels,37.78889558556779,222.0,6.0,3.090755180861857,7.309523022287885,52.59940074018735,33.0,6.0
U0686,25-34,Video,21.282568707364945,226.0,7.0,4.092695689736955,4.97757015371474,44.24501960170246,16.0,5.0
U0687,25-34,Video,51.087808557343735,165.0,7.0,3.499292441877602,9.925600926212566,74.75074975984771,49.0,11.0
U0688,18-24,Reels,36.28229690184623,20.0,3.0,1.9966195360752086,7.388226174786749,67.60235744354407,31.0,8.0
U0689,35-44,Reels,38.90861670603698,282.0,6.0,4.305375238281823,8.32673169362523,55.92034537596277,21.0,14.0
U0690,18-24,Reels,23.370604879747418,61.0,9.0,5.120520847588828,5.151654055713911,57.63616016344218,14.0,7.0
U0692,25-34,Stories,3.66848185475288,246.0,6.0,3.2441916493716754,1.0,53.351327030096044,2.0,1.0
U0693,25-34,Video,29.75337592933197,94.0,9.0,4.112637811575397,6.897448342282082,81.32224407970642,23.0,2.0
U0694,18-24,Reels,32.93654847643151,76.0,8.0,2.510196263398533,5.646993595236411,70.28111958145455,24.0,6.0
U0695,18-24,Images,27.960630617813962,34.0,7.0,4.7041849789038865,5.18722417301789,70.5305383695204,15.0,4.0
U0696,25-34,Reels,16.928431831975484,292.0,10.0,4.841125485332864,3.2261278595716916,37.39477510828455,15.0,7.0
U0697,18-24,Stories,14.344940630147342,90.0,2.0,3.462330429000366,2.445615461217389,81.53774713563081,10.0,3.0
U0699,18-24,Text Posts,1.0,239.0,6.0,1.999897478816501,1.0,59.069594569099564,1.0,2.0
U0700,25-34,Text Posts,17.913492417584003,269.0,11.0,4.392160368709327,3.855016682090092,46.02004346072247,13.0,2.0
U0701,25-34,Reels,20.76009668257391,291.0,12.0,3.1814988512816837,4.017851314058921,50.729711439335674,21.0,4.0
U0702,13-17,Images,13.046096488229761,273.0,12.0,0.5,4.081794827836942,54.75380815536789,7.0,0.0
U0703,18-24,Video,30.480506280881222,190.0,9.0,3.6965884440214256,5.988270526466125,43.446007334713826,31.0,7.0
U0704,18-24,Video,27.106614942803255,135.0,8.0,3.362192405127158,5.436205891601582,59.67899955617683,20.0,6.0
U0705,13-17,Text Posts,11.929550145194453,295.0,4.0,2.012291968189066,2.5683157882189693,66.25002872296389,11.0,1.0
U0707,18-24,Video,31.281421177213346,184.0,4.0,2.880132044795915,6.734026778297635,70.62391739861046,19.0,5.0
U0709,18-24,Video,38.195246707829554,167.0,5.0,5.184595650376228,6.473076211559232,68.41312041564629,26.0,5.0
U0710,35-44,Reels,44.536172684922846,275.0,5.0,4.13472780946934,8.835550136014248,58.83755146748463,38.0,8.0
U0711,35-44,Text Posts,13.398872328391274,100.0,7.0,2.06327424693693,3.064484315085345,70.2033639517627,11.0,2.0
U0712,25-34,Reels,37.96118214911129,266.0,7.0,3.511451208826819,7.755309715626431,47.70953496120038,34.0,12.0
U0713,25-34,Reels,14.097780748465373,292.0,6.0,2.353501446679151,1.930903355956326,43.35102433597108,18.0,1.0
U0714,25-34,Reels,29.577614392937694,87.0,10.0,1.6440177107301903,6.075961966347719,67.99272040722987,23.0,7.0
U0716,45-54,Reels,13.230750724680986,227.0,8.0,4.555939329045627,2.848626178760763,43.7408976974996,6.0,4.0
U0717,45-54,Stories,10.606285925409637,122.0,7.0,2.3389379744512935,1.4112500870382465,64.68470983622618,10.0,3.0
U0718,55+,Images,26.91899334413573,196.0,6.0,2.0550592169633113,5.460461352163492,45.253653308409845,18.0,4.0
U0719,18-24,Text Posts,21.500158286696454,83.0,9.0,3.190912132906208,6.0026643702361735,65.87854747008717,17.0,2.0
U0720,35-44,Video,37.430047220544,82.0,8.0,7.380692929000588,6.448062706003689,70.55768443538062,27.0,3.0
U0721,55+,Images,1.0,151.0,12.0,4.230831798554909,1.2958806595897325,78.84878341347665,0.0,1.0
U0722,18-24,Text Posts,10.037193486120632,111.0,11.0,4.761433328575531,1.0,83.93274739978798,8.0,1.0
U0723,13-17,Text Posts,15.017000089017355,275.0,7.0,2.108906148619201,2.4582228629535785,34.526143278714436,15.0,2.0
U0724,35-44,Reels,29.75536229578598,248.0,6.0,4.1719702389446685,5.520700420017292,40.08245481158464,18.0,10.0
U0725,25-34,Reels,9.562064165192542,77.0,14.0,3.523042702406811,2.9934124527092174,70.64278177427728,9.0,2.0
U0726,45-54,Reels,19.09682151980128,30.0,6.0,2.475008270724249,5.591967426989315,84.61469107553778,21.0,3.0
U0727,18-24,Video,34.35922235851283,214.0,15.0,3.203578897445761,7.984442902258396,42.57192016332749,29.0,7.0
U0728,35-44,Video,40.3629090951719,96.0,13.0,2.56624133095296,8.584180673531014,66.6957374544786,28.0,6.0
U0729,18-24,Video,13.038721789000537,129.0,8.0,3.7277771269744227,3.67052519789815,77.4563250409314,13.0,1.0
U0730,18-24,Reels,26.378760245201416,77.0,6.0,3.205137178681492,3.9232295912988002,83.87037430572128,23.0,4.0
U0731,18-24,Stories,19.430487698789523,127.0,4.0,2.569864788105092,4.779923978708648,64.25608403977124,21.0,6.0
U0732,35-44,Reels,36.49611988516213,188.0,13.0,3.160163123665211,6.1971187953176425,41.187901775765035,30.0,5.0
U0733,35-44,Video,41.928575842374364,191.0,15.0,4.82959084639267,7.64657608955895,71.39176206331867,32.0,7.0
U0734,25-34,Images,20.825713188088052,202.0,8.0,1.794302073581802,4.560817018660235,50.5938206602946,13.0,2.0
U0735,18-24,Images,7.0005949329806585,82.0,9.0,2.7047184612889916,1.0,77.1774429322998,5.0,3.0
U0736,45-54,Text Posts,1.0,190.0,7.0,4.013894442616111,1.4258387708885818,52.007242039085604,1.0,0.0
U0737,25-34,Images,11.06947242938599,257.0,7.0,2.6175973957834024,2.2153303445578167,55.30864214052478,6.0,3.0
U0738,35-44,Reels,38.0163182520856,17.0,7.0,5.39899685956369,6.301866203447774,81.4007286671882,30.0,9.0
U0739,25-34,Images,28.934545275244314,80.0,6.0,5.2351202439182885,7.296490793259514,84.84201940109912,29.0,9.0
U0741,25-34,Reels,32.29340822801734,279.0,5.0,4.484244785949628,6.294974714855745,43.28339028901208,41.0,14.0
U0743,35-44,Video,29.438812532392195,223.0,8.0,3.535822613573805,2.9706285340565595,60.01537481987871,26.0,4.0
U0744,25-34,Video,33.6993970644638,126.0,3.0,2.65205345530694,7.99798569175789,58.80342658524554,25.0,5.0
U0745,18-24,Stories,34.69069525826331,215.0,17.0,2.7386858884448326,6.966167402567538,65.72992030516998,33.0,11.0
U0746,45-54,Text Posts,2.574419942081237,284.0,8.0,1.173295173723882,1.0,41.60810110430078,1.0,1.0
U0747,25-34,Stories,34.14778790709852,30.0,9.0,2.9759432608886245,7.510521730833227,78.95427592587014,23.0,6.0
U0748,25-34,Video,31.779718455079415,177.0,13.0,3.065023112252148,6.062277552387731,55.45665195946662,24.0,6.0
U0749,45-54,Text Posts,25.254321090950786,160.0,11.0,3.2443205405459814,3.9294707199486405,76.42933415901064,22.0,3.0
U0750,25-34,Stories,3.9318499050246167,242.0,7.0,7.283621216456257,1.0,47.23609081557334,2.0,0.0
U0751,18-24,Reels,33.859042011646494,86.0,13.0,2.41177858471513,7.644984789514697,44.8611861363881,18.0,12.0
U0752,55+,Stories,10.63229864052378,277.0,9.0,3.1709980224987016,2.1145654506239393,47.81457472766079,9.0,1.0
U0753,25-34,Reels,13.847328080758125,72.0,11.0,6.731872353229532,3.775386968462942,66.1281474991023,17.0,2.0
U0754,18-24,Reels,30.185340424109455,48.0,6.0,2.4678637873762366,7.218864014503854,72.75799033308691,27.0,7.0
U0755,18-24,Images,25.09471788595969,65.0,8.0,1.955899940514387,5.906164986662234,79.06965193993949,12.0,6.0
U0756,35-44,Reels,19.550585614065035,127.0,3.0,3.213772139371329,5.166568026890707,55.48121332873751,14.0,3.0
U0757,25-34,Reels,13.009840395415988,200.0,4.0,2.463264695200027,1.8900997511312632,52.22841654317697,7.0,1.0
U0758,25-34,Images,14.081552356650448,115.0,10.0,5.138520711666153,3.418256888259617,68.44127922857275,13.0,1.0
U0759,45-54,Stories,17.12564671222819,262.0,8.0,3.7257582753158345,2.957771629347914,47.20554049849358,11.0,2.0
U0760,35-44,Video,40.483196275544984,93.0,9.0,1.8595818102252353,7.002330722318773,71.35006852402536,29.0,6.0
U0762,18-24,Video,34.40584818727506,286.0,8.0,3.7908527055722097,7.6353635738713725,51.535623871932195,33.0,7.0
U0763,18-24,Stories,36.55503314794263,204.0,8.0,1.4401809328959088,6.966752120961559,70.60119628378979,23.0,8.0
U0764,35-44,Reels,30.24234744535292,103.0,6.0,4.1690854162638,6.096089145611459,60.21717845024918,25.0,4.0
U0765,13-17,Video,31.535734939931004,31.0,15.0,4.249054417907031,7.010158597855728,71.11418107188955,23.0,10.0
U0766,25-34,Images,1.0,93.0,5.0,1.4808244557244805,1.0,85.63286395611964,0.0,1.0
U0767,35-44,Reels,25.373404796838322,150.0,5.0,1.6824422107110952,5.885330880273553,57.65767706433523,17.0,3.0
U0768,45-54,Video,31.636130545888637,186.0,10.0,2.97490784145508,5.420747481646733,85.90394651343054,22.0,11.0
U0769,18-24,Reels,37.6030479628147,261.0,12.0,2.5668924133901037,7.928391880345808,63.563083532090445,27.0,15.0
U0770,35-44,Stories,22.62483624066854,193.0,8.0,4.3946326215700235,3.3159467242800966,52.48235055723185,17.0,4.0
U0771,18-24,Video,23.206308783673826,244.0,6.0,2.850889207016903,5.987241861665301,61.45403287543003,20.0,6.0
U0772,45-54,Reels,29.722543864110374,200.0,7.0,3.2360177141515782,6.629401949813007,62.96431666903627,27.0,6.0
U0773,18-24,Text Posts,18.715311717290533,169.0,3.0,1.912256285606714,5.7536957360419265,48.55256028490143,11.0,0.0
U0774,25-34,Reels,43.280313593878326,275.0,10.0,4.922767703329085,7.721665817781698,67.94244839852571,39.0,15.0
U0775,35-44,Reels,36.875039674140595,12.0,9.0,2.360723073317219,8.04066699885837,87.01372084026656,22.0,9.0
U0777,18-24,Video,35.60085994615164,118.0,16.0,3.5775617722876354,5.653938958583778,78.66920273565383,42.0,7.0
U0778,35-44,Video,38.883120054234496,60.0,10.0,5.110462231065219,7.8870992547420995,77.48978233983469,23.0,4.0
U0779,35-44,Reels,40.49504900706159,142.0,9.0,4.179461982568309,8.667759602347388,76.59870034242076,20.0,9.0
U0780,25-34,Video,21.672226025203503,106.0,8.0,2.653112910662386,6.304614748747977,56.040454124545704,19.0,2.0
U0782,25-34,Text Posts,4.274312512437593,173.0,10.0,1.475866538277546,1.3292781354877403,70.15173742009404,6.0,1.0
U0783,18-24,Images,18.791531187261242,290.0,10.0,6.3871918913991355,4.065152476739101,31.4681467993015,20.0,2.0
U0784,18-24,Text Posts,24.302221756507876,265.0,6.0,5.827583716903927,4.686464940025452,38.557854324659,19.0,8.0
U0785,18-24,Text Posts,6.030257132789261,227.0,7.0,3.932592395735525,1.105812713572132,60.176969369214476,6.0,1.0
U0786,45-54,Video,11.09695632530562,203.0,9.0,3.4818131788593076,2.9658902314433306,50.80381189350858,11.0,2.0
U0787,25-34,Images,10.877792549755299,215.0,5.0,1.8108079524948955,2.0749387617037947,63.69925455821672,7.0,0.0
U0788,25-34,Video,44.13473732017407,291.0,5.0,3.2812216779290715,8.591711720833151,41.0435083829459,38.0,8.0
U0789,25-34,Images,20.376299029498796,184.0,7.0,4.836764239842405,3.5686386373471337,48.87381106025519,23.0,6.0
U0790,55+,Images,19.28186247810576,254.0,12.0,4.5939614687803925,2.3548688672042397,49.19660870266012,14.0,2.0
U0791,18-24,Stories,15.200066981255203,235.0,14.0,2.8241002450176973,3.9737523213613395,89.18702984042093,11.0,1.0
U0792,25-34,Images,2.209692637802137,27.0,7.0,4.7011085407117195,1.0,66.35245732903103,1.0,2.0
U0793,25-34,Stories,23.152943216244672,52.0,7.0,5.235628638540792,5.863610873590861,87.3687231089728,22.0,2.0
U0794,25-34,Reels,19.65718189965375,113.0,9.0,3.5518689222939273,5.192428460700661,61.122126012449385,14.0,3.0
U0795,13-17,Reels,49.840967333804564,10.0,3.0,4.972800108329977,10.0,78.11152539005916,32.0,6.0
U0796,45-54,Stories,23.70507208354516,42.0,4.0,5.975492370800498,5.185554748024994,77.04675648591355,24.0,5.0
U0797,55+,Video,29.19351697446049,173.0,6.0,6.372924158701991,6.399000261356635,62.07894876274091,28.0,5.0
U0798,25-34,Stories,11.886147526113717,287.0,7.0,2.599372666842643,2.9893722276427273,51.866299609266676,8.0,3.0
U0799,35-44,Images,14.070557933864118,207.0,10.0,4.1650655664763345,3.0742809155351103,62.681493826559134,9.0,4.0
U0800,45-54,Video,32.6049807797825,277.0,7.0,4.555073927905175,7.7010230949142295,37.36258019110958,21.0,8.0
U0801,35-44,Text Posts,23.168337755299543,248.0,12.0,3.471631427697557,4.551088789528401,53.878064265008355,19.0,3.0
U0802,18-24,Images,16.864161697440462,51.0,10.0,5.365453012103979,3.9250127900544842,74.3420840888849,16.0,0.0
U0803,25-34,Images,7.683682610914719,253.0,5.0,3.583792521504871,1.4281741159070207,60.250731936574155,8.0,1.0
U0804,25-34,Images,33.90440685155782,83.0,3.0,3.2707516228895197,5.469707417655947,68.88771649244303,29.0,7.0
U0805,25-34,Reels,28.493083315202227,114.0,12.0,1.5283045100528219,6.442991032207534,73.88492216397816,17.0,8.0
U0806,35-44,Images,22.688396759688967,17.0,9.0,0.9649181718834754,1.7878544790215325,71.77222942688792,23.0,6.0
U0808,45-54,Video,38.631156277445236,284.0,13.0,0.5,8.813548531562533,54.717144104601296,21.0,12.0
U0809,25-34,Reels,31.111099911431953,225.0,9.0,5.3667496247088975,6.810211641338781,47.21425250471269,24.0,13.0
U0810,18-24,Stories,1.0,77.0,12.0,4.83299422965556,1.0,66.65267305115839,0.0,0.0
U0811,55+,Video,55.1527511046064,238.0,9.0,4.534748406527689,10.0,51.25314065699836,43.0,15.0
U0812,45-54,Stories,30.90644460922547,264.0,9.0,5.169299416492425,7.995893644427319,49.18034536678302,27.0,8.0
U0813,18-24,Stories,14.028046838540124,117.0,9.0,3.0867720174503077,3.4711841046763996,68.87286435144017,9.0,5.0
U0814,45-54,Video,23.977302595441444,50.0,3.0,3.8318934115212624,6.650262784744916,66.09505210059024,24.0,8.0
U0815,45-54,Stories,21.47561613803552,278.0,2.0,2.943221221012442,6.4150476751143835,58.45524266261889,15.0,3.0
U0816,25-34,Text Posts,12.866976994143966,47.0,8.0,5.163692425844392,1.931797681438584,72.58245543557754,12.0,5.0
U0817,25-34,Reels,31.556689485632294,212.0,4.0,0.5,5.400377042228269,62.838264189739206,27.0,6.0
U0818,25-34,Video,36.91577396194089,107.0,15.0,5.163266165772752,8.126342373950243,57.02037376503496,39.0,9.0
U0819,13-17,Video,40.06240989305926,128.0,10.0,0.7685472413454031,4.871588187112851,38.61994440148557,29.0,4.0
U0820,18-24,Reels,42.473056993918064,14.0,8.0,3.1908859885044842,8.273083439092606,88.03036339299888,37.0,9.0
U0821,35-44,Images,20.68103205128646,191.0,7.0,1.92562685265142,3.4771422085179875,62.9875911336729,20.0,3.0
U0822,13-17,Video,24.503445010900588,35.0,7.0,3.295814254728874,4.711568753426909,81.9658544986212,16.0,7.0
U0823,18-24,Stories,31.62562852712452,160.0,11.0,2.6708095428454026,5.0978866647204155,77.17586111267838,35.0,6.0
U0824,25-34,Video,51.406145634882876,64.0,8.0,2.9228649203608423,10.0,64.20411845713939,45.0,9.0
U0825,25-34,Reels,59.52056734512085,253.0,7.0,4.3209690108000816,10.0,36.61355536536061,45.0,19.0
U0826,45-54,Text Posts,1.0,274.0,9.0,3.8371488907105205,1.9257438668278224,62.381563646485304,1.0,0.0
U0828,18-24,Video,14.17901296811013,6.0,9.0,4.127531695233977,1.0612764026494907,90.45990396285657,7.0,4.0
U0829,35-44,Reels,33.53149156379209,28.0,9.0,1.116293592548388,6.771673392224066,93.78475318187486,27.0,2.0
U0830,25-34,Video,29.517997018332274,210.0,8.0,7.027315502076043,7.322732547938023,47.265837821441266,24.0,6.0
U0831,18-24,Reels,47.23445794824953,203.0,8.0,0.5214098780365282,9.239648229247067,69.06853963502405,34.0,13.0
U0833,18-24,Video,18.108169620327384,284.0,11.0,4.603828701419391,4.834464619839061,61.2630544939086,6.0,3.0
U0834,18-24,Reels,23.2873625929748,159.0,10.0,3.939036954443251,4.829879177691662,82.46000424577727,19.0,4.0
U0835,25-34,Reels,8.245122287828625,169.0,8.0,3.199900932890612,2.0078906721465017,63.37458382991206,3.0,2.0
U0836,25-34,Images,22.5109945450731,226.0,12.0,5.729842890225417,5.091849825099593,49.94397787858164,14.0,3.0
U0838,18-24,Video,35.28457581183159,171.0,13.0,3.468121133078026,6.852520548551402,40.36086467368082,32.0,6.0
U0839,25-34,Text Posts,1.0,211.0,9.0,2.8264081249653823,1.0,73.41761578342212,0.0,0.0
U0840,25-34,Reels,24.797021954633582,286.0,10.0,2.2739315264171798,4.474205695169708,66.546031166692,15.0,4.0
U0841,13-17,Reels,44.43378155804534,69.0,5.0,2.39363607115993,9.697993811954479,83.21459004607757,27.0,12.0
U0842,35-44,Text Posts,15.60647891435795,8.0,6.0,3.4101376267057275,3.6603841127213657,76.19704738983839,15.0,2.0
U0843,18-24,Images,6.36506395035066,161.0,7.0,1.016326853831298,1.0,71.77474200382646,5.0,2.0
U0844,55+,Images,14.687965110609161,253.0,6.0,3.4899666037235764,1.9861103619041407,57.758889359821225,10.0,4.0
U0845,18-24,Stories,18.180168720444467,261.0,7.0,4.704848153937018,3.0532786060843278,42.29223734921521,13.0,2.0
U0846,25-34,Reels,32.72630345843406,239.0,10.0,2.655494917430461,5.135360960955036,67.58523635554944,24.0,9.0
U0847,13-17,Text Posts,1.0,78.0,8.0,3.4657798202333683,1.0,77.29693783946205,2.0,1.0
U0848,55+,Reels,33.92567273847331,191.0,8.0,3.961108750218901,6.159940799381657,68.26416725606715,27.0,2.0
U0849,25-34,Stories,1.0,66.0,6.0,4.226657286796464,1.0,76.66318027742506,0.0,0.0
U0851,13-17,Stories,13.117261575484553,60.0,6.0,6.141001864047801,1.0,77.53274570271806,7.0,3.0
U0852,35-44,Video,41.33326826071239,115.0,5.0,3.505141435174618,7.641957561003858,65.65158908703994,38.0,8.0
U0853,18-24,Video,35.22630852676869,222.0,8.0,1.5058998017626546,5.4998133782462535,63.87040687446331,25.0,9.0
U0854,45-54,Images,1.0,244.0,5.0,2.9217172672815037,1.0,75.11304016289043,2.0,1.0
U0855,18-24,Video,25.15006874182985,25.0,4.0,5.447214237022125,5.574543960288985,82.12956935958317,25.0,5.0
U0856,18-24,Reels,29.98680009547407,145.0,5.0,5.329590200970855,6.208553033627482,76.66809643143245,14.0,7.0
U0857,13-17,Video,34.20932658135444,269.0,8.0,0.920343323059297,6.276014537438514,41.29059980368271,26.0,6.0
U0858,25-34,Video,29.208758903642536,143.0,6.0,3.0535238684363817,4.891436087625699,73.8308850722145,22.0,4.0
U0859,25-34,Video,30.19166210488021,74.0,8.0,2.7086683580342954,4.956965009404987,77.69861599198966,27.0,10.0
U0860,13-17,Video,41.961679971592886,122.0,9.0,4.668650184988638,8.568852302107654,78.55519589564318,32.0,5.0
U0861,35-44,Text Posts,6.823074271307854,202.0,13.0,1.7928913709935888,1.1326556548180766,55.55375702944919,11.0,1.0
U0862,25-34,Reels,27.119087559709268,209.0,9.0,5.839979132620172,4.52760748316484,68.94933145970923,20.0,3.0
U0863,25-34,Images,36.69936588080543,218.0,7.0,1.2951763433765033,7.757370901618683,51.00704759651774,36.0,8.0
U0864,25-34,Stories,3.76317363116077,60.0,7.0,3.2897581016768997,1.035206560135812,85.38614699172784,1.0,2.0
U0865,25-34,Reels,9.481572684253415,291.0,8.0,1.6928531294771592,1.0,62.97352372774499,5.0,3.0
U0866,25-34,Stories,25.83589664798607,297.0,6.0,4.4852577259367274,4.692929169838881,39.24368054856146,22.0,9.0
U0868,18-24,Text Posts,8.817624722573797,132.0,13.0,3.2428959225558067,2.511909522961685,64.60003918832983,7.0,1.0
U0870,55+,Reels,25.401998592324876,292.0,6.0,2.1559959471867076,6.741901007683575,51.19496647959541,18.0,8.0
U0871,18-24,Images,30.985381120963414,230.0,12.0,5.3279290172472376,6.021802011299197,54.75746572503116,15.0,5.0
U0872,18-24,Images,23.021284586181196,68.0,11.0,6.055550957575684,5.392740649411488,67.38209428773804,24.0,5.0
U0874,25-34,Reels,13.837729442073545,206.0,9.0,3.6940242075042318,2.6153160679260887,51.98272256451371,8.0,2.0
U0876,18-24,Reels,1.0,261.0,3.0,1.605439814465102,1.0,41.342094120810984,1.0,1.0
U0877,35-44,Reels,19.90619178917246,69.0,9.0,1.8234819963342972,3.9388022786952313,81.66171836323022,20.0,4.0
U0878,35-44,Video,44.567031863856585,243.0,7.0,1.8631162082886457,8.585414985714076,66.07308365290923,36.0,9.0
U0879,13-17,Stories,23.16946515748371,293.0,6.0,5.3736449748110156,5.705942512880032,54.628264608593774,13.0,3.0
U0880,18-24,Video,32.784867370478764,42.0,9.0,4.14507070795254,5.979449893239394,68.09949314242667,23.0,6.0
U0882,35-44,Text Posts,5.1111445742459445,63.0,9.0,2.204349434065856,1.0,79.29764364442389,3.0,0.0
U0884,18-24,Video,42.65878279480615,61.0,8.0,0.6822080095893579,9.338274715534673,68.80127163314009,40.0,7.0
U0885,35-44,Video,18.84113212589527,52.0,8.0,4.278723747410617,3.15409537168209,75.54669798524606,7.0,2.0
U0886,18-24,Images,17.996476878373482,60.0,12.0,3.3091223276738972,3.1651377078169203,58.28464415711283,14.0,5.0
U0887,35-44,Reels,37.32434870954667,69.0,12.0,6.064646707184194,6.277564597846976,65.19896781026695,24.0,7.0
U0888,18-24,Reels,23.848997110366305,272.0,6.0,0.5,3.081226625192309,56.66726954350596,21.0,6.0
U0889,13-17,Text Posts,19.007006121205837,73.0,11.0,4.772317159508348,4.254589440374383,71.65289759087209,10.0,6.0
U0890,18-24,Text Posts,40.14654444472553,220.0,12.0,4.905427614047225,7.930193865776426,59.891326988662016,37.0,9.0
U0891,35-44,Reels,26.95657207013108,93.0,14.0,5.102551197937566,6.30953607507762,82.09017419426272,30.0,5.0
U0892,45-54,Stories,21.933070500053237,285.0,6.0,3.8684677553101126,4.895558510711195,39.07792724279287,18.0,6.0
U0893,45-54,Text Posts,4.6194291633860844,261.0,9.0,4.884109489332034,1.0,55.957959203752566,5.0,0.0
U0894,25-34,Stories,19.812511626020505,164.0,5.0,3.958643016169927,3.9657125213884354,56.797664099475504,16.0,5.0
U0895,35-44,Video,39.60271624982304,238.0,10.0,2.377198422495961,7.885072577166332,54.44902367587561,39.0,4.0
U0896,18-24,Images,16.94842340270138,135.0,9.0,2.8981815880810524,4.400723187350829,69.40327297677767,21.0,3.0
U0897,18-24,Reels,17.80304680291143,53.0,6.0,2.8581345421915563,4.793659739147828,62.04583201480801,22.0,4.0
U0898,45-54,Reels,30.06361771325451,151.0,5.0,5.245705584459279,4.283697368640099,58.371555799374725,26.0,8.0
U0900,13-17,Video,39.486357645145276,149.0,7.0,4.721819035898063,8.861441560804693,69.0690750269985,32.0,7.0
U0901,18-24,Video,44.619871890718414,65.0,5.0,3.59195602042223,8.112220742406716,84.50998644815137,37.0,8.0
U0902,13-17,Text Posts,9.629880299873722,277.0,7.0,0.5,1.8804221342094762,35.58459113527616,6.0,1.0
U0903,18-24,Video,42.4990023942371,53.0,9.0,4.735406572273339,6.396607096200247,68.02446722244763,31.0,8.0
U0904,25-34,Reels,30.79267838216526,135.0,7.0,4.672482001940934,6.10825802705755,65.03370536424272,26.0,7.0
U0905,25-34,Reels,18.490892703127678,47.0,8.0,3.92728937510224,2.648363489493634,73.79515683199637,18.0,7.0
U0906,45-54,Video,38.18521004798875,61.0,12.0,4.2190141888059856,8.157962728921834,78.05639249818995,40.0,6.0
U0907,35-44,Images,5.083033365596895,54.0,10.0,2.282445067393453,1.4299003510201926,62.19615820063166,8.0,2.0
U0908,18-24,Video,28.67119725115208,182.0,9.0,2.984955916947755,5.640174735002236,59.772253572481524,21.0,7.0
U0909,18-24,Reels,29.89328307292374,297.0,6.0,2.2690647450656543,6.175261173786726,46.17930464977275,14.0,5.0
U0910,18-24,Reels,30.97244273380124,50.0,7.0,3.2669839304492307,5.404619891229171,82.21814394147403,23.0,3.0
U0911,25-34,Video,23.107675349228707,174.0,11.0,4.815569546730767,3.4930921787327396,63.340904015174466,24.0,9.0
U0912,18-24,Video,45.53985771182876,275.0,8.0,4.1580938660680715,10.0,48.05700241039776,41.0,6.0
U0913,25-34,Stories,23.720062783004728,143.0,2.0,1.9334528801476742,5.76853510299657,77.87944484029838,15.0,3.0
U0914,25-34,Images,7.952715643891162,251.0,6.0,6.2480775558237855,1.7213458558513488,49.6011487990768,8.0,2.0
U0916,25-34,Stories,16.550954209185686,234.0,9.0,2.48892122702632,5.713034498481741,62.490441157848295,10.0,1.0
U0918,55+,Text Posts,13.131404570530227,129.0,12.0,2.6677104655096358,2.341526446490354,67.75730923610094,8.0,2.0
U0919,35-44,Reels,24.368833388444337,196.0,6.0,3.8392420252454187,3.9031471086740335,77.72021073875425,21.0,8.0
U0920,18-24,Reels,7.925431392549903,84.0,9.0,1.5158219851703638,1.6375277862440947,66.70285417171331,6.0,2.0
U0921,45-54,Reels,24.116530616988417,98.0,6.0,3.941515591683031,4.445267989694804,60.5392203653611,15.0,7.0
U0922,25-34,Stories,14.94380888931687,230.0,4.0,4.760115705171442,2.0416352422341624,54.84956605387557,10.0,1.0
U0923,45-54,Text Posts,18.336610247740587,69.0,9.0,4.489512271537498,5.039306950455232,70.02637115960324,18.0,4.0
U0924,35-44,Video,28.018003253889503,92.0,6.0,3.8972940740571844,6.127963454524721,78.4656226512252,22.0,4.0
U0925,25-34,Reels,44.786746733725664,92.0,4.0,4.36346604644584,8.550067196689405,57.11970920688094,36.0,9.0
U0926,13-17,Images,1.0,205.0,14.0,4.088514225126482,1.0,86.37647655045599,0.0,0.0
U0928,25-34,Images,12.756810291218953,208.0,8.0,3.1407261262580537,2.0653380383819866,64.45459146162109,8.0,3.0
U0929,25-34,Text Posts,20.595848723435562,93.0,8.0,2.1296915815770094,3.546690728529085,80.04417608871502,17.0,4.0
U0931,18-24,Stories,29.39555536025469,275.0,9.0,5.125696364366445,4.967165483195837,58.692600734366515,27.0,4.0
U0932,45-54,Stories,14.126380354471888,98.0,11.0,2.9141428924429116,1.0,70.90640521737653,8.0,2.0
U0933,55+,Video,24.013795748221877,31.0,7.0,5.896388863395831,5.457080142345748,83.22218646411976,25.0,8.0
U0934,25-34,Reels,42.205042872710635,218.0,16.0,4.072393974890415,9.557433249836446,53.94926569436612,40.0,6.0
U0935,18-24,Stories,16.865193541178588,78.0,12.0,4.892523385266742,3.5271876010214296,65.663737430754,17.0,3.0
U0937,13-17,Text Posts,24.34751914044795,190.0,9.0,4.686350714805203,4.73359681477345,65.35228640819133,21.0,3.0
U0938,45-54,Stories,7.680447579055651,35.0,10.0,4.201942786490631,1.0273785913661229,73.06797175739055,4.0,1.0
U0939,18-24,Images,20.954908976392574,223.0,11.0,6.667925478571083,5.528110256715704,61.440180003696724,19.0,3.0
U0940,25-34,Video,29.10105243537109,16.0,9.0,4.273957218739402,4.9751012171924645,75.2267925732061,19.0,3.0
U0941,18-24,Reels,26.67830644355628,36.0,6.0,4.480767744117873,5.566131631072237,88.80602611726795,16.0,6.0
U0943,35-44,Reels,12.99778138553064,241.0,12.0,3.9760587645565986,1.7419630501781926,49.68459999585958,12.0,2.0
U0944,35-44,Stories,10.211629571795653,231.0,7.0,5.218665885897721,1.4473598590430807,52.914380771270565,6.0,0.0
U0945,18-24,Text Posts,25.510728924131392,185.0,7.0,2.980043954297531,5.535429380133841,66.5126213136573,11.0,8.0
U0946,13-17,Video,43.86191188584796,50.0,7.0,2.4321921350032727,5.568443075017129,100.0,36.0,13.0
U0947,18-24,Reels,27.37360422672765,84.0,6.0,6.513187080585843,6.836680755695062,85.31428791778555,19.0,6.0
U0948,45-54,Reels,30.43123458512893,139.0,13.0,3.0835519228871937,5.0748624273054865,54.02218050304123,24.0,7.0
U0949,45-54,Reels,25.057574943635423,264.0,9.0,4.857537409680731,5.055755619807889,55.96250864143414,15.0,4.0
U0950,25-34,Images,28.56583385827982,251.0,8.0,2.783223371232827,4.360520456802601,47.06008083312101,24.0,4.0
U0951,25-34,Text Posts,9.99647422205836,163.0,5.0,2.8431389412706616,3.3176632990778296,59.761126719237375,8.0,1.0
U0952,35-44,Stories,20.31842092134848,207.0,5.0,3.315785237943939,4.064201124050879,56.24011544925552,17.0,1.0
U0953,18-24,Stories,29.46030144142065,116.0,12.0,4.35956615898452,6.105958595299742,67.53813888996609,16.0,8.0
U0954,45-54,Reels,20.226285151540935,296.0,9.0,5.252198709517601,4.604637706678394,59.18079951103171,13.0,2.0
U0955,25-34,Images,30.58789184496894,123.0,14.0,2.658792818257183,7.207447145915367,65.0836380271722,27.0,3.0
U0956,25-34,Stories,2.6953859025662315,21.0,14.0,5.180945391126961,1.0,79.57734796963476,1.0,0.0
U0957,25-34,Stories,34.296421311127986,231.0,9.0,3.707514381999083,6.589790278929137,56.81873752492822,28.0,7.0
U0958,13-17,Text Posts,8.273244160480253,121.0,4.0,3.23600668380763,2.917182970594557,60.914182838568756,9.0,2.0
U0959,18-24,Reels,25.57301252174718,47.0,12.0,4.339215328152401,4.675486803359786,69.8902865691253,21.0,12.0
U0960,35-44,Text Posts,1.0,119.0,7.0,5.643676570770374,1.5669120915703136,62.00776654419501,0.0,0.0
U0962,25-34,Reels,17.60193468973116,41.0,13.0,2.4101715269517934,3.096414334689109,72.18467322340067,10.0,5.0
U0963,18-24,Reels,21.923536546265275,117.0,11.0,3.7192810102514144,5.078078801461635,85.9888654971083,21.0,3.0
U0964,25-34,Images,13.626890342111205,39.0,6.0,4.343266289037513,2.5716829645726627,68.27281147576977,6.0,4.0
U0965,18-24,Text Posts,21.577916144729056,136.0,7.0,2.61008247326912,5.16576553901709,58.54893581896829,16.0,4.0
U0966,18-24,Stories,20.07603351400626,232.0,6.0,3.9213632396540894,3.536201424592917,46.12401047064818,19.0,2.0
U0967,35-44,Stories,21.07676653401114,151.0,9.0,2.422512669074278,5.0720744412665715,63.82932213718047,13.0,6.0
U0969,25-34,Images,6.192459103972698,85.0,11.0,5.696846540746947,1.0,67.97634489073228,4.0,1.0
U0970,25-34,Reels,45.98725018351312,177.0,10.0,3.3786109824735755,7.3743959191044155,72.54492925551008,31.0,12.0
U0971,35-44,Reels,20.647989652367535,158.0,7.0,4.618103404404824,4.608096015232104,62.53240287746666,8.0,4.0
U0973,35-44,Text Posts,9.569388011191336,62.0,7.0,2.856479432463274,2.1060915350493086,76.65817634348835,9.0,1.0
U0974,18-24,Stories,18.02287936143504,67.0,5.0,4.134975599460732,1.3600107907150165,75.16927817459441,22.0,6.0
U0975,13-17,Reels,38.703651602299296,160.0,4.0,5.207729219814288,8.880401882795912,71.53950762308725,32.0,6.0
U0976,18-24,Video,47.718924219386565,172.0,4.0,5.955244401716165,9.941813757799524,71.1644471119515,35.0,8.0
U0977,25-34,Text Posts,10.891874397209126,170.0,7.0,3.082561212263356,2.796139805791597,67.52758081186313,7.0,3.0
U0978,13-17,Video,31.117569464784612,89.0,8.0,1.809383093680775,6.143943824857287,80.47677264870994,32.0,7.0
U0980,25-34,Images,18.379575282321184,193.0,4.0,3.8432376464417706,4.256425269319206,59.505469349401736,15.0,5.0
U0981,18-24,Reels,36.91303686869755,6.0,5.0,3.5455212870740356,7.163117024159313,80.63313520826382,21.0,6.0
U0982,35-44,Video,35.04229858994152,110.0,2.0,2.7209849396214123,6.2774772144051445,69.8762482580576,27.0,6.0
U0983,18-24,Stories,24.188862980231537,76.0,7.0,4.826225737823519,6.580823530970021,100.0,8.0,7.0
U0984,13-17,Text Posts,28.38359732270941,130.0,8.0,2.6170369815472156,6.265360462737018,77.97774712640883,18.0,6.0
U0985,35-44,Reels,31.813096122647845,174.0,8.0,2.487042178512366,6.581606036359769,73.20420693853816,22.0,6.0
U0986,25-34,Images,18.116528560047783,209.0,7.0,3.301563195276138,2.760539973336955,56.22632444778135,13.0,5.0
U0987,35-44,Video,19.810891749099323,199.0,3.0,4.893323302215927,2.97418962908069,59.43308472394248,15.0,8.0
U0988,25-34,Reels,1.6926986317093657,162.0,8.0,1.4654009656230018,1.0,71.45294923938275,1.0,0.0
U0989,18-24,Stories,21.883757292301684,145.0,3.0,1.9777435607164278,2.3816825490416393,80.52952873991904,17.0,2.0
U0990,35-44,Text Posts,11.051757687191278,279.0,10.0,2.27062909037908,2.7611688891521338,43.559456012664086,3.0,1.0
U0991,35-44,Video,29.85217325085258,11.0,10.0,6.474862721332848,6.5828938963203365,74.17223229478229,18.0,7.0
U0992,35-44,Text Posts,14.435302041863446,58.0,6.0,3.923797020641744,4.262113591400359,72.2141806525016,8.0,5.0
U0993,18-24,Stories,17.39596270803092,108.0,4.0,1.9358124343560843,4.461077526150264,71.79597428071585,11.0,0.0
U0994,25-34,Reels,39.277802506338986,65.0,5.0,3.3035740154365216,8.995601788017726,81.2273621394879,41.0,8.0
U0995,18-24,Video,35.86110868258978,91.0,9.0,4.65975752746748,6.5747569497511265,78.06736753254958,28.0,5.0
U0996,13-17,Text Posts,4.530767149298324,262.0,3.0,6.499926221568109,1.0,58.34087708363737,5.0,0.0
U0997,45-54,Video,44.901662389592886,182.0,7.0,1.1924484720522965,9.155946186117387,54.198620358980286,48.0,5.0
U0998,18-24,Reels,25.828689250537977,246.0,10.0,1.888008410941375,5.609261445972781,53.68870070202362,22.0,5.0
U0999,55+,Reels,33.265366836723075,207.0,6.0,2.992514797844289,7.664423629097758,45.92688342854487,32.0,5.0
U1000,25-34,Images,10.225892938071995,35.0,9.0,3.045391650926252,3.531910107947897,86.2873632768965,9.0,0.0
U1001,18-24,Stories,11.501731145025637,293.0,9.0,3.0213147093645665,1.1360345597692756,51.03992596327514,15.0,3.0
U1002,25-34,Text Posts,12.841682301856961,84.0,10.0,3.3316255261857517,3.425229110020328,59.958475466377095,7.0,4.0
U1003,45-54,Reels,28.128286435436852,15.0,8.0,6.543070750275335,3.381733780014769,100.0,22.0,3.0
U1004,35-44,Stories,22.79827035366833,258.0,9.0,1.601409802385037,4.834888582137783,28.722906394948165,18.0,8.0
U1005,35-44,Stories,15.313542466902575,291.0,6.0,3.739734488163184,3.762606664249991,50.27289758254601,17.0,1.0
U1006,35-44,Text Posts,1.0,180.0,8.0,4.341463275816743,1.0,75.14463558997443,0.0,0.0
U1007,35-44,Images,10.672261164116113,130.0,11.0,1.3225249223990323,2.7583923543310744,62.14791443547725,7.0,2.0
U1009,18-24,Stories,15.026239207568935,210.0,8.0,3.264768535577091,2.611337614683762,63.787173281166915,16.0,4.0
U1010,25-34,Video,32.53616597485452,111.0,5.0,1.8744529294445125,7.366911375075946,46.02693038893016,27.0,5.0
U1012,55+,Reels,20.88026772741077,127.0,9.0,4.521918351988156,3.842979208948288,66.69578618145938,16.0,3.0
U1013,55+,Reels,12.571967817571004,138.0,3.0,2.6860151462290895,2.833804645801339,65.37988684012124,11.0,3.0
U1014,13-17,Reels,26.393688804745057,111.0,8.0,4.587506125612714,6.076886716097578,55.436003098433766,21.0,3.0
U1015,35-44,Stories,13.15826048751263,54.0,4.0,4.081563809541476,2.6305919428849305,74.40065889910582,4.0,1.0
U1017,18-24,Stories,16.246215441013092,272.0,4.0,1.3418751454545959,2.9136218722165186,65.699357330707,11.0,4.0
U1018,25-34,Reels,32.91505647246784,27.0,9.0,4.005115740399464,7.815662229934635,79.38273113655508,23.0,12.0
U1019,45-54,Video,34.907114384321844,58.0,8.0,0.8428105607901824,7.511109846433598,65.11326436272745,36.0,7.0
U1020,13-17,Text Posts,15.069810726862379,258.0,7.0,5.0081542722617085,3.685984471274993,59.92038447060305,9.0,3.0
U1021,35-44,Reels,46.13407698515423,239.0,7.0,1.4286976824625173,8.066124937531093,62.99094852532817,38.0,12.0
U1022,18-24,Reels,24.57121138442436,63.0,15.0,4.880981163061724,6.130517655184409,72.0650067588381,22.0,2.0
U1023,45-54,Stories,20.783486346446697,168.0,3.0,5.635297292982727,4.2767700672623565,59.436716262445785,17.0,6.0
U1024,55+,Reels,22.907866374008655,263.0,11.0,4.234487657884353,6.893856663962682,49.11801764154604,16.0,5.0
U1025,55+,Video,26.536402801130272,220.0,7.0,0.5,5.564426785714894,64.26855436354691,18.0,8.0
U1026,25-34,Reels,22.150923465822302,187.0,7.0,5.180484590295837,4.410012983679406,59.88432701242416,14.0,5.0
U1027,45-54,Images,10.212414284783115,61.0,10.0,2.845169002967645,1.528438709977268,77.23957757864649,9.0,1.0
U1028,45-54,Stories,21.594757975471254,149.0,2.0,3.413613512151738,4.32378196272415,57.64269326715253,10.0,3.0
U1029,18-24,Stories,41.490757867007574,94.0,9.0,2.3850585039509435,9.709419089498265,71.33357977200129,32.0,7.0
U1030,35-44,Stories,10.839565637241597,49.0,6.0,6.023178118070243,2.9506828919462302,64.08546658935603,12.0,2.0
U1031,13-17,Video,30.833746943845377,261.0,7.0,3.766131382356952,6.4615452194403895,48.0561636353028,29.0,6.0
U1032,25-34,Reels,27.36876986888752,25.0,7.0,2.89082000225103,6.329546509369209,77.96716962062408,28.0,2.0
U1033,18-24,Text Posts,15.95798848709747,25.0,13.0,5.509137603949341,2.749211933027862,70.06706550326929,17.0,3.0
U1034,18-24,Video,37.63550811954785,56.0,6.0,4.819275272351856,7.008076611603419,70.43284197128037,23.0,10.0
U1035,13-17,Reels,40.84095793948117,175.0,7.0,1.8013673757120077,7.541159060137813,70.09327190381964,19.0,5.0
U1036,35-44,Reels,3.7360792946479187,71.0,10.0,4.001037844837636,1.7352831160737328,69.92696405895607,2.0,1.0
U1038,35-44,Images,10.041218279898507,164.0,6.0,1.2918801597356544,1.209449899983221,54.71413043637986,12.0,4.0
U1039,13-17,Video,45.97300187543709,270.0,14.0,4.74065032785631,8.519339200022944,47.786681514455225,35.0,7.0
U1040,18-24,Reels,12.343519683944038,236.0,10.0,3.456441266213017,2.332889626760306,56.33643363036668,10.0,4.0
U1041,25-34,Video,4.923676603062429,72.0,9.0,6.726707385852627,1.0,79.13001921553469,6.0,1.0
U1043,18-24,Video,37.43657223702714,120.0,7.0,3.8331594257062553,8.923215999453152,76.03679880193293,32.0,4.0
U1044,25-34,Reels,17.0979159320057,55.0,5.0,3.3689027820067614,3.7875689795722987,70.68174330638844,16.0,4.0
U1045,45-54,Stories,8.144603992790701,185.0,4.0,0.5,2.6560633438667587,60.55697178546209,8.0,1.0
U1047,18-24,Reels,29.105353174739403,83.0,4.0,3.3974256594289765,5.317739101555171,93.94965203161794,15.0,3.0
U1048,13-17,Reels,21.73684723816993,277.0,10.0,2.7988585578465304,2.4506980378633987,57.74647861405834,15.0,3.0
U1049,45-54,Reels,32.940639189755196,112.0,13.0,3.5322656733343742,6.52575455119576,63.88706523030784,34.0,8.0
U1051,45-54,Video,26.43148134872201,179.0,12.0,5.546970250990217,7.0570070763668955,66.31135861846514,11.0,5.0
U1052,25-34,Reels,16.739460390889498,188.0,8.0,5.542833879603046,3.734268109003094,47.17334028427614,12.0,3.0
U1053,55+,Reels,25.436593216275078,27.0,6.0,1.9426506230603426,5.1680812605972,66.4616514128474,15.0,6.0
U1054,35-44,Reels,22.619522415098615,278.0,8.0,5.869464300118439,5.004320789504392,56.227102015313974,12.0,3.0
U1055,55+,Stories,25.978437798957664,133.0,9.0,2.7648352618554703,4.016985929896571,71.99056878897927,28.0,8.0
U1056,18-24,Images,1.0,295.0,11.0,4.619351443322877,1.0,54.281968903816704,1.0,0.0
U1057,35-44,Stories,18.45491476330752,190.0,6.0,4.44124696507872,1.546601203831937,67.51423517840347,8.0,7.0
U1059,25-34,Video,53.56647436561955,5.0,11.0,3.8213208739524926,10.0,90.30526062933836,42.0,18.0
U1060,25-34,Images,10.182340289065248,135.0,9.0,1.0351958434117048,4.410270561755745,84.7158973855594,10.0,4.0
U1061,45-54,Reels,31.24458604352517,71.0,7.0,3.5884740823360635,7.915196452235528,66.4535123188584,24.0,4.0
U1062,55+,Video,16.96137207437635,297.0,7.0,3.1468567225418007,4.537213316598123,37.70794269876707,18.0,6.0
U1063,35-44,Stories,1.0,289.0,9.0,6.794632549173288,1.0,50.36658016751235,0.0,0.0
U1064,25-34,Stories,26.447743757817,93.0,11.0,3.543355873203527,6.848809863290168,79.48385626935328,21.0,5.0
U1065,25-34,Stories,17.944397063519293,104.0,5.0,2.4280755308883775,3.0767486776561768,76.21122054268143,9.0,9.0
U1066,35-44,Reels,39.78512689798423,193.0,6.0,3.672780466410131,6.773384934464212,62.131605731787886,31.0,8.0
U1067,18-24,Video,21.26597111030251,245.0,9.0,2.4922129898414864,3.6827794533184837,32.38877264758075,19.0,3.0
U1068,18-24,Images,20.199021395287524,274.0,9.0,1.3716580791874744,2.4332369475617535,45.66821806736858,13.0,1.0
U1069,18-24,Reels,46.688178405438535,223.0,8.0,4.118048730124483,10.0,68.74735466055033,37.0,5.0
U1070,18-24,Stories,22.197056083572658,180.0,3.0,3.5115375651808716,4.982457111022668,44.543012878760365,20.0,8.0
U1071,18-24,Stories,20.765815055910487,237.0,9.0,4.989763603727628,3.282470055801045,56.506590863574004,15.0,4.0
U1072,18-24,Stories,18.0855608082435,155.0,9.0,5.6840176813978704,3.53790489379843,58.76600134427861,14.0,1.0
U1073,13-17,Reels,12.291185428740878,281.0,10.0,6.333996921355363,2.3479104706841643,58.43758305442944,7.0,2.0
U1074,13-17,Reels,41.55572935710348,233.0,4.0,3.8445852672263214,9.745950286634978,40.025756651094454,42.0,9.0
U1076,25-34,Text Posts,17.04483256383017,227.0,8.0,3.922338647513064,4.494187447123387,58.86714862854266,17.0,4.0
U1077,25-34,Images,1.0,217.0,4.0,0.5,1.0,54.78348030211566,4.0,0.0
U1078,35-44,Video,23.205403354922197,286.0,8.0,5.353993092480048,4.960503746571742,57.426555009987375,17.0,8.0
U1079,18-24,Video,49.350873992222354,45.0,13.0,4.318723981136642,9.986015689494932,60.08980356011483,41.0,12.0
U1080,55+,Images,11.526977110421571,126.0,4.0,4.338875579035032,2.3974937102278417,56.179932716566725,7.0,1.0
U1081,35-44,Stories,32.53275476042545,231.0,6.0,2.731136580353266,6.6204427842821065,53.63569734894645,20.0,5.0
U1082,13-17,Images,14.217693409414823,298.0,5.0,2.535551034750336,2.645664183904276,53.56824423520355,5.0,2.0
U1083,25-34,Video,16.581022270421425,92.0,5.0,3.398015408491758,2.8676798828210273,75.92733823129512,18.0,3.0
U1084,45-54,Stories,26.920675997317204,271.0,4.0,4.336887625811966,4.324023594065245,54.628647345793205,17.0,6.0
U1085,55+,Stories,12.101076822443922,33.0,9.0,0.5715440121061279,2.1854573029642825,67.50124384226837,9.0,1.0
U1087,25-34,Reels,28.25210867540082,248.0,10.0,6.0327391630468306,5.0871167974225,66.25693734339718,19.0,7.0
U1088,18-24,Video,19.568817720571296,65.0,6.0,3.3029962606039103,3.8037635142516777,93.71062957552788,15.0,7.0
U1089,55+,Stories,19.64294765370569,151.0,11.0,0.5306588488651274,4.188632633679601,70.98998152149923,17.0,9.0
U1091,55+,Reels,32.92986458514459,282.0,12.0,3.9422568212206524,7.080392717535428,40.26187755476103,29.0,3.0
U1092,25-34,Images,14.424822469945369,146.0,7.0,4.064131722246576,3.293901703189763,67.36998728427048,11.0,1.0
U1093,25-34,Reels,38.75343401956898,48.0,13.0,3.7321073245732017,9.544189313445433,58.34432637253877,29.0,10.0
U1094,25-34,Text Posts,14.106684652031108,148.0,10.0,6.404295795262737,4.479195964302697,78.33780806451551,7.0,3.0
U1095,18-24,Video,37.09534230262794,59.0,13.0,3.7113217486732957,7.034566733326872,79.7003789285618,30.0,6.0
U1096,18-24,Stories,7.083748278408974,165.0,9.0,3.7878921777103423,2.3357421440153048,62.92391568661469,8.0,1.0
U1097,18-24,Images,17.338480257895984,289.0,11.0,2.6463274591277144,3.2922132825850086,39.51947841033376,14.0,3.0
U1098,18-24,Video,45.35443416416945,202.0,3.0,4.916489620805008,7.399366255966311,61.61621346613941,39.0,9.0
U1101,13-17,Video,34.08293975854874,35.0,7.0,3.3370369270496596,6.13747500283331,80.65007497798214,29.0,4.0
U1102,55+,Stories,9.122304884614593,116.0,6.0,0.5,1.2411855730443762,61.27214028573643,9.0,3.0
U1103,45-54,Images,24.976320769202445,50.0,12.0,2.24508864453382,4.2406932961915365,74.59923188535757,19.0,5.0
U1104,45-54,Reels,25.13205764261731,209.0,8.0,6.453985623379741,6.858876346270991,82.40315372365866,11.0,9.0
U1105,55+,Reels,35.59514887486108,56.0,9.0,3.0541611863743263,5.913820770676574,56.51681024108444,37.0,5.0
U1106,18-24,Reels,25.08241367741463,142.0,8.0,3.840477523895317,4.862762636869775,58.07850938719341,21.0,9.0
U1107,25-34,Stories,17.401738564700963,78.0,6.0,2.407061723003877,1.7919120537652184,69.6145978392873,9.0,4.0
U1108,35-44,Video,39.93560204334292,45.0,8.0,4.17172791455011,7.255485434956311,70.19356202228902,33.0,10.0
U1109,35-44,Stories,20.90897057590006,81.0,3.0,3.2381996133902553,2.868166661913958,76.4294540471633,15.0,2.0
U1110,18-24,Stories,1.0,191.0,6.0,4.116396866643392,1.0,66.30315770686555,0.0,0.0
U1111,35-44,Stories,6.787562599056082,56.0,7.0,3.656949953797426,1.0,74.85006362158207,2.0,1.0
U1112,18-24,Video,44.29409984790816,91.0,3.0,5.665015773006076,10.0,72.26206163151086,32.0,8.0
U1113,18-24,Stories,16.67863411098453,113.0,10.0,3.7527536855770824,2.0213736778479454,50.72870326389918,19.0,1.0
U1114,25-34,Video,29.76268697228578,229.0,13.0,2.24853871403547,4.913555041781768,61.82640316595113,24.0,8.0
U1115,25-34,Video,21.414259847425257,252.0,7.0,2.5456769024726684,4.957345430543056,56.7332011021282,17.0,5.0
U1116,25-34,Images,4.2026367872415165,73.0,7.0,0.6971206369583034,2.718972572765272,65.7687530766854,5.0,0.0
U1117,13-17,Stories,1.0,124.0,6.0,3.6881050408385674,1.0,83.78742556238254,1.0,1.0
U1118,45-54,Video,33.987192812984674,71.0,6.0,3.404651622899066,7.391785364037627,72.16035317578267,27.0,6.0
U1119,18-24,Video,29.01562419418953,65.0,5.0,5.769975349484309,4.758540251502854,75.75333903859796,24.0,8.0
U1122,55+,Video,38.63970630852738,155.0,9.0,2.46929529747014,6.900273998238731,54.37577192645992,31.0,7.0
U1123,45-54,Video,55.93197932209945,290.0,8.0,3.1196274294476294,10.0,48.23372156583279,36.0,10.0
U1124,35-44,Reels,12.881165804367864,100.0,9.0,1.608570290469685,3.378280469733668,79.82119325440384,11.0,4.0
U1125,35-44,Stories,29.59381043300522,267.0,7.0,3.0822226433563706,5.387162891673755,48.72176962804042,36.0,8.0
U1126,25-34,Stories,27.73101561015072,101.0,10.0,3.5280579692008476,3.0941202960905665,71.9594241829038,23.0,2.0
U1127,13-17,Stories,10.209072606232994,117.0,5.0,3.5731718574466433,1.3159280575207575,72.84734557538383,7.0,0.0
U1128,25-34,Video,37.03235954586031,129.0,8.0,5.410054167898493,8.665483663906478,59.104956172954836,25.0,14.0
U1130,18-24,Text Posts,13.856885804187389,125.0,8.0,3.41966593391731,3.7948895651402,60.70360644025293,8.0,4.0
U1131,35-44,Text Posts,27.091310134045507,201.0,6.0,5.2177081904313125,7.069903889165718,52.47195753452322,17.0,6.0
U1133,13-17,Images,20.08608373233442,126.0,6.0,1.676284327623978,5.147444300975666,76.02239937575939,22.0,7.0
U1134,18-24,Reels,23.696906800453576,286.0,6.0,1.8837476416681733,4.170186486762724,57.25432057763355,15.0,4.0
U1135,35-44,Video,20.15943335075665,264.0,8.0,1.8980443583023354,5.195119536414836,42.77070569758344,15.0,2.0
U1136,13-17,Stories,15.91531789459592,43.0,6.0,1.671901377431419,2.971496589097585,77.37533085738501,13.0,1.0
U1137,45-54,Stories,30.06608154863915,58.0,10.0,6.497417530998813,5.246493968460444,70.97925234735303,18.0,4.0
U1138,25-34,Stories,2.728321434103524,165.0,8.0,1.8917312688331613,2.6602619062764865,62.302673178219194,0.0,0.0
U1139,25-34,Reels,17.44910631823305,293.0,12.0,3.43749752897524,3.4697681229781887,51.034831037624784,15.0,5.0
U1141,35-44,Reels,18.153452151527375,280.0,8.0,3.234756653850577,4.055751863310892,32.08016462590132,18.0,3.0
U1142,18-24,Images,7.074765528847874,20.0,10.0,2.330379653404883,1.0,78.20002318799146,2.0,1.0
U1144,25-34,Reels,14.343825958098506,252.0,11.0,1.2140902409340044,2.6589510565703702,52.573857027189064,8.0,0.0
U1145,18-24,Reels,18.258781537836317,222.0,7.0,1.9012951241509586,2.211658230227421,51.305044273083396,6.0,3.0
U1146,45-54,Reels,35.03427916787309,91.0,10.0,5.182758758171946,6.532404910056711,70.77885848788402,29.0,3.0
U1147,35-44,Images,1.92630217769036,86.0,5.0,1.8538256353603737,1.0,54.629740976425865,2.0,0.0
U1148,35-44,Stories,2.021278655051624,66.0,15.0,5.446316956947298,1.3845770777020292,73.66005369565688,2.0,1.0
U1149,45-54,Text Posts,5.699750204661056,291.0,9.0,5.574403890960017,2.8245110168315453,25.31791053269604,2.0,0.0
U1150,45-54,Reels,35.31955502509846,46.0,7.0,5.604139009248869,5.674282762857643,68.01271375329655,37.0,8.0
U1152,45-54,Video,30.354189218843818,238.0,8.0,1.4309959418066525,6.8313377538059505,37.76517241875586,18.0,5.0
U1153,35-44,Stories,18.44358797515607,135.0,6.0,1.192683814499429,3.9317267247135512,79.13259658775719,12.0,6.0
U1154,35-44,Reels,10.54292567140348,119.0,8.0,1.8204980831464996,1.0,67.1169987998378,7.0,4.0
U1156,35-44,Stories,21.834350314036442,141.0,7.0,1.5498406964454658,4.330816069443783,84.71249058638915,20.0,3.0
U1157,18-24,Images,10.906915259042787,110.0,5.0,2.474169780510688,2.0087256165204446,71.20067844868913,7.0,2.0
U1158,45-54,Video,45.05924511796417,183.0,8.0,4.6543450541811335,8.717083893747061,65.18715293165778,29.0,8.0
U1159,45-54,Text Posts,1.0,20.0,6.0,4.476414753772511,1.0,75.5841654385432,0.0,0.0
U1160,13-17,Reels,39.27908993253569,246.0,5.0,3.9435498175764083,7.141384870220155,49.82066948074633,26.0,10.0
U1161,35-44,Reels,29.54493665595251,230.0,11.0,3.1778177710039124,5.685084192639603,58.884332113864446,22.0,7.0
U1162,18-24,Video,31.634474101218267,246.0,11.0,3.3975762532166613,6.322472806794053,26.840097732756355,17.0,2.0
U1164,35-44,Reels,26.927352341890582,203.0,4.0,2.7901328575578175,3.1157479895695697,44.45601220009669,31.0,13.0
U1165,18-24,Video,47.20282896417717,116.0,11.0,4.966005985613096,9.815911842977858,44.26716628877854,32.0,13.0
U1166,35-44,Reels,17.233208725289863,131.0,6.0,1.5279947320262899,3.531039755978041,71.35570993912417,13.0,3.0
U1167,45-54,Images,7.3748076085340175,25.0,9.0,2.3347366695486604,1.4954053026789667,69.59197033610553,6.0,1.0
U1168,25-34,Video,45.3630289207248,151.0,3.0,2.1115527402728542,9.43904881628187,76.26630280375639,28.0,10.0
U1169,13-17,Text Posts,6.044650648161408,93.0,13.0,4.18640178315842,3.1918883681859898,67.78273326352101,7.0,0.0
U1170,18-24,Reels,37.00533077331592,207.0,8.0,1.699635021762131,7.746389210925614,49.70581319502693,41.0,7.0
U1171,25-34,Stories,34.99435983008709,89.0,8.0,2.1243813563071456,5.504212307080061,68.76864763733109,29.0,6.0
U1172,55+,Reels,23.982049730583665,171.0,6.0,4.1365686049724015,5.155693638453373,72.35229610825245,28.0,4.0
U1173,25-34,Video,41.81362326575305,76.0,11.0,2.196744547161165,8.202969625783606,68.23744705796037,40.0,9.0
U1174,18-24,Video,23.463077186601417,13.0,6.0,4.757327991809239,4.076122502419491,89.5098698980381,18.0,4.0
U1175,25-34,Video,42.54733298067809,285.0,5.0,4.722036240921822,8.696491309478581,60.803201317715775,31.0,12.0
U1176,25-34,Video,36.99423985986767,262.0,4.0,2.6932182438952377,7.280906502864294,46.40062085408074,32.0,7.0
U1177,35-44,Stories,22.730382821602152,279.0,4.0,3.69142882714421,4.318964397300749,45.53621287898987,16.0,11.0
U1178,18-24,Images,8.54427927964605,242.0,8.0,6.589012860056805,1.6067842911182326,48.68314245361153,5.0,0.0
U1179,35-44,Text Posts,1.0,24.0,9.0,4.808110476031894,1.0,63.87967049694267,0.0,0.0
U1180,25-34,Stories,23.032520647495048,237.0,6.0,4.241203068197501,5.323364110929139,39.74381747696512,13.0,5.0
U1181,55+,Video,14.365968475205456,225.0,7.0,5.8277623768528795,2.7354590693429626,50.83296689136437,6.0,4.0
U1182,18-24,Reels,24.826495077574652,21.0,5.0,2.054495632937453,5.229841282158372,51.84131229195049,18.0,8.0
U1183,25-34,Reels,37.4118186641997,93.0,4.0,5.383750352356186,6.6168525755207765,57.628179683229135,33.0,10.0
U1184,55+,Video,36.91897735873036,200.0,8.0,4.033416424285314,6.2643939607486985,63.026691875657555,27.0,4.0
U1185,18-24,Reels,47.48342644789813,88.0,9.0,5.685705217129351,9.12501634091912,55.46256571740055,38.0,16.0
U1186,55+,Reels,38.251091525817735,91.0,7.0,2.716796352174742,7.621261793481091,81.87118031812075,33.0,11.0
U1187,35-44,Reels,21.461016116744236,158.0,9.0,5.588740030904079,3.881227817783954,68.2583375164222,15.0,5.0
U1188,13-17,Reels,28.273133798514387,232.0,4.0,0.8865513994153629,5.74048170270963,73.40175987300752,19.0,4.0
U1189,18-24,Text Posts,11.526292974555641,268.0,12.0,2.936161815875094,1.0,71.91476287573454,8.0,2.0
U1190,35-44,Text Posts,1.0,227.0,7.0,3.9088979468549607,2.203740615336109,62.775448658536796,1.0,0.0
U1191,13-17,Reels,18.59601083515647,125.0,7.0,4.485229819130337,2.953029618786495,59.64089253902499,20.0,2.0
U1192,25-34,Images,9.392390930201397,177.0,10.0,0.5,1.0,43.75575491690494,8.0,1.0
U1193,18-24,Images,1.0,8.0,11.0,1.6314556655744252,1.3434861588597022,62.49202876143738,2.0,0.0
U1194,25-34,Reels,28.47493468251643,132.0,8.0,1.874583917004796,4.532121418522969,84.45652568891056,23.0,2.0
U1196,45-54,Reels,11.271060986884258,41.0,6.0,2.3742718189883947,1.091216518174466,71.75562804112862,7.0,3.0
U1197,55+,Images,19.04212865277332,75.0,8.0,3.7470952895554976,3.5045369835096283,82.54792995992543,21.0,3.0
U1198,55+,Images,22.158727446909595,293.0,10.0,5.714377772742626,4.140330518650007,39.96232304307265,16.0,6.0
U1199,35-44,Video,37.27034478864889,35.0,4.0,2.9370841595934936,6.70371427298023,87.70157575888432,34.0,9.0
U1200,18-24,Reels,24.759318247910297,272.0,13.0,5.818711874099735,5.826933590918744,50.17714035288345,21.0,7.0
U1201,35-44,Stories,23.914421517518548,15.0,7.0,3.627282632671333,6.199964956189321,78.70139483704445,22.0,2.0
U1202,13-17,Reels,34.80220360476691,36.0,8.0,3.178743018712377,6.19508701919027,71.54160396878144,34.0,11.0
U1203,13-17,Video,38.074035697196884,61.0,5.0,5.067795265237706,7.745531397728312,62.730132652121014,34.0,11.0
U1204,18-24,Text Posts,3.7538774956523913,170.0,9.0,3.2658157783295563,1.0,67.96316798157225,2.0,1.0
U1205,25-34,Stories,20.766007655111807,192.0,12.0,2.3269376518603844,4.258975709274647,64.52696519555907,17.0,3.0
U1206,35-44,Text Posts,23.95480650825479,23.0,7.0,5.489135032148505,5.612011701853794,83.10662705469267,11.0,12.0
U1207,35-44,Text Posts,6.033709413882698,120.0,6.0,3.442553405033299,1.3193809109554717,76.16526120349093,1.0,2.0
U1208,25-34,Stories,38.97939339132431,188.0,10.0,6.186635243172263,7.229333322352103,54.96002448063767,37.0,7.0
U1209,18-24,Reels,22.743690660146157,274.0,11.0,2.96766339518652,4.292703077296997,56.321950422959375,25.0,9.0
U1210,55+,Stories,18.324070133401364,37.0,5.0,1.5028756026141192,3.183185223712591,83.38150542353955,14.0,3.0
U1211,25-34,Video,28.275144039936638,14.0,12.0,2.3458397582667536,5.444168791710677,80.79253080408483,24.0,5.0
U1213,18-24,Video,17.577783073647247,196.0,14.0,3.356527768539342,3.6885774798707516,62.07558077745702,15.0,5.0
U1216,18-24,Video,36.35338347892291,129.0,5.0,3.0155841758830944,8.33616967027216,54.090175451534094,25.0,6.0
U1217,13-17,Video,44.94447375508908,63.0,8.0,3.637213567958254,8.930633681638296,72.00623314142776,38.0,8.0
U1218,35-44,Video,41.46006187114551,101.0,13.0,4.11755005617036,8.410376944523508,63.832564683922726,30.0,5.0
U1219,35-44,Stories,1.0,279.0,12.0,3.474772616000277,1.0,50.70510748503935,2.0,0.0
U1220,18-24,Stories,38.4206965292788,153.0,6.0,5.549289100759861,7.253757588986299,47.29474461171508,31.0,13.0
U1221,55+,Reels,30.952799406208683,282.0,8.0,3.5921273956038795,5.124596087759025,56.972743834201594,26.0,4.0
U1222,18-24,Video,27.23500859507,269.0,8.0,0.5,6.624302627535796,60.327475658464316,19.0,7.0
U1223,25-34,Video,36.57127918990941,13.0,11.0,3.875778023198879,6.812381036707334,67.04233350752612,24.0,8.0
U1224,55+,Video,36.761898225026926,287.0,11.0,3.5111030581475187,5.807637569684449,35.79854637809147,30.0,3.0
U1226,25-34,Images,16.979166673420757,12.0,8.0,1.820929337034456,4.530935849470451,84.34121909248907,23.0,2.0
U1227,25-34,Video,28.925277123796928,212.0,5.0,5.092173000008513,5.602501169932294,56.25605011482238,29.0,9.0
U1228,18-24,Reels,23.956380073099773,129.0,9.0,3.9003868554490113,6.301014292234392,63.17383560165764,19.0,5.0
U1229,55+,Video,28.137208642449156,127.0,11.0,3.7034048425827613,5.92183144201944,63.91821342098334,18.0,3.0
U1230,25-34,Video,20.673287102603474,37.0,8.0,4.907707368940361,4.009431559962912,67.71008967090992,16.0,6.0
U1231,45-54,Reels,29.45836470215384,5.0,6.0,5.239353315394549,5.799708128170719,80.94472018157391,30.0,5.0
U1232,18-24,Stories,23.852994365163383,208.0,7.0,5.093065272978284,5.269745867564226,72.47308958186537,21.0,3.0
U1233,18-24,Video,40.14883596076372,10.0,7.0,0.5,9.10744691265392,68.1736782640769,33.0,10.0
U1235,35-44,Reels,31.243402100148682,84.0,5.0,2.8403337884344357,6.509428955192681,69.17794902825715,27.0,6.0
U1236,18-24,Video,29.672745017830966,278.0,8.0,1.71673562485425,6.005564764015876,49.69629124298489,19.0,7.0
U1237,45-54,Video,43.39663864431189,181.0,9.0,2.4570331166523873,9.380650555426017,73.79683227891604,35.0,14.0
U1238,25-34,Images,1.4248246015806494,140.0,6.0,3.423166337292597,1.0,74.0210376649412,0.0,0.0
U1240,18-24,Stories,8.357999285767553,187.0,7.0,3.4638875246278595,1.857096685082321,68.70817059338376,8.0,2.0
U1241,45-54,Reels,38.8005605913931,172.0,12.0,5.5395650899920446,6.748124338936283,43.739953001006484,30.0,8.0
U1242,35-44,Reels,37.42788514140076,182.0,7.0,6.17107230168399,5.992740166476268,37.95965440560117,21.0,8.0
U1243,35-44,Reels,32.87305237044995,99.0,7.0,4.059961987557026,8.19342300713973,61.1900822334884,30.0,3.0
U1244,45-54,Stories,28.71929865211797,37.0,8.0,5.5025031579815025,2.420930123758157,64.36414129633116,26.0,7.0
U1245,35-44,Stories,9.20717217588012,115.0,11.0,2.901671086487259,2.4657538354006046,64.20402461179057,9.0,3.0
U1246,25-34,Video,38.485951198609804,150.0,6.0,2.562826874701156,6.622225958301164,74.53386246391378,30.0,6.0
U1247,18-24,Reels,26.74825571616836,235.0,12.0,3.38737383808018,4.547061526273689,52.53211053922715,19.0,5.0
U1248,13-17,Reels,36.46882103884914,276.0,11.0,3.0313892632973616,7.7257770346018075,59.92074832575639,40.0,9.0
U1249,45-54,Images,13.847757674478025,42.0,8.0,4.513489028448471,5.097270855096492,83.09749109101821,9.0,3.0
U1250,25-34,Stories,14.150571115899188,139.0,11.0,3.5216727657071547,3.5312365812784545,46.716551148223544,11.0,1.0
U1251,35-44,Reels,33.4090851856099,239.0,10.0,5.763855634551995,5.662156269795171,61.41797689131468,22.0,5.0
U1252,25-34,Video,43.76169167191233,164.0,11.0,3.6793780139863537,8.706849800562123,73.59320052087908,30.0,8.0
U1254,18-24,Video,34.38924328647624,154.0,6.0,2.7906724392814763,4.804566819573769,61.94704231283264,26.0,7.0
U1255,35-44,Reels,17.415593663583472,33.0,8.0,2.6089034460402605,3.540853236451935,75.94362318048205,16.0,3.0
U1258,25-34,Video,41.08905356254632,149.0,3.0,3.677406082489368,7.909559547442348,53.302549514379514,30.0,12.0
U1259,13-17,Reels,30.620668090867255,233.0,7.0,4.127640031212343,7.670671810470354,47.17911695100916,17.0,5.0
U1261,18-24,Video,31.491505699235255,273.0,9.0,5.086841308468889,6.511705736562779,49.86959514988528,23.0,6.0
U1262,35-44,Reels,5.8165223994891875,188.0,3.0,4.003938144350851,3.128543206364758,60.89816150579645,6.0,2.0
U1263,18-24,Reels,41.69701107654185,265.0,8.0,2.0609436881825003,8.63969591224419,63.11304230274571,26.0,10.0
U1264,25-34,Video,24.13945417881914,272.0,11.0,2.7705311928566356,6.471708086333811,52.25371290604239,17.0,3.0
U1265,13-17,Text Posts,24.554036094598963,173.0,7.0,2.769030632548969,3.780163266017525,49.96861755265512,20.0,7.0
U1266,13-17,Video,44.45869643684146,263.0,8.0,2.408327926218142,6.874326747788425,74.46002902178617,30.0,10.0
U1267,25-34,Reels,18.994096474639385,231.0,12.0,5.056905672193386,4.023225716124838,52.61450617354756,16.0,7.0
U1268,25-34,Stories,6.672150487322551,37.0,8.0,3.2773558719603493,2.5349611949744357,71.43616995425644,3.0,1.0
U1269,25-34,Stories,21.503702163863384,218.0,13.0,3.76774880127771,3.1540238392887323,59.751060496903946,18.0,4.0
U1270,18-24,Stories,9.55675962816929,54.0,9.0,4.0013532309152255,1.471996627898323,71.89031038507957,9.0,3.0
U1271,35-44,Reels,29.024846421582076,214.0,3.0,3.813634916492663,4.128798028123477,56.682410368535564,22.0,5.0
U1272,45-54,Video,30.171724091930816,33.0,5.0,3.9649967950272327,6.002918402327638,69.71272879549463,18.0,6.0
U1273,35-44,Stories,1.0,43.0,4.0,7.111988832417157,1.0,84.11472345082034,0.0,0.0
U1274,13-17,Reels,5.695319808755411,104.0,10.0,4.514615787164216,1.7483415696369078,79.47852333119822,5.0,2.0
U1275,25-34,Text Posts,14.266842484945972,177.0,7.0,2.1190273846173144,2.3519176168236067,79.19616093543962,11.0,3.0
U1277,18-24,Text Posts,6.469101830858677,60.0,12.0,3.6586102887751437,1.9220241141778092,52.94939248077172,6.0,2.0
U1278,55+,Reels,34.95863839093785,230.0,8.0,1.4166696411331192,7.207505951154356,61.814333269907294,28.0,4.0
U1279,18-24,Reels,39.73442276632445,50.0,7.0,0.5,8.351837401367979,61.87684775818114,28.0,2.0
U1280,25-34,Text Posts,9.274552786381907,71.0,6.0,3.712559471946094,2.7074247232919033,84.48637504271392,4.0,2.0
U1281,25-34,Reels,24.594012930901386,201.0,8.0,3.079972640508921,5.651825049780228,61.84764080003779,20.0,4.0
U1282,35-44,Video,40.001430331138835,146.0,7.0,1.7766350723149142,10.0,56.819458067153185,27.0,5.0
U1283,25-34,Text Posts,1.0,27.0,7.0,2.6886955918974205,1.0,64.65832394807705,2.0,0.0
U1284,13-17,Images,17.23153054747697,98.0,10.0,3.1110092823005093,3.894312875970657,62.37291973830195,17.0,2.0
U1285,18-24,Reels,33.51885971822154,246.0,11.0,2.625631936324707,6.399595026236196,46.07316635124984,28.0,4.0
U1288,18-24,Text Posts,4.386447301910594,142.0,8.0,4.698115162606043,1.0,54.56582308844324,5.0,1.0
U1289,13-17,Images,6.217367471765334,276.0,3.0,5.235694685089822,2.3717542247100325,55.364638220968864,8.0,1.0
U1291,25-34,Video,39.80744579767984,102.0,9.0,2.47700903345417,9.35769097423952,67.24973481224326,34.0,8.0
U1292,18-24,Images,29.96710407445981,187.0,6.0,3.752510621700492,5.693196000607788,72.56600787135713,30.0,2.0
U1293,25-34,Reels,23.05034519631927,132.0,6.0,1.0923326583287656,3.701311134709723,71.50763586592386,15.0,10.0
U1294,35-44,Reels,23.02427501690786,233.0,10.0,2.787548155673184,4.328440402292041,60.61059967521216,15.0,2.0
U1295,35-44,Images,26.49672018878747,90.0,4.0,0.5,5.889860958096591,51.57473667434788,18.0,3.0
U1296,18-24,Video,37.96576938530305,260.0,10.0,2.971021101102285,7.68126622446382,49.663807393379145,25.0,8.0
U1298,18-24,Video,37.88728003009836,219.0,9.0,4.536607211657172,8.01271316769336,60.935663474275685,32.0,10.0
U1299,25-34,Reels,16.42883381286729,104.0,9.0,2.049210300594898,3.796238418783292,69.59046866086737,3.0,6.0
U1300,35-44,Text Posts,1.0,53.0,4.0,3.7564412348227023,1.0,80.75768177431812,1.0,0.0
U1301,13-17,Reels,12.48487750941071,205.0,5.0,2.9323589363976925,2.6352343550347146,63.18592807224119,17.0,5.0
U1302,55+,Images,21.62051834758473,262.0,10.0,2.862370345595322,4.079202265640647,61.03728149776744,16.0,4.0
U1303,13-17,Stories,29.88596823087008,182.0,9.0,2.3467594019115943,6.079391314862711,64.92553038827103,30.0,8.0
U1304,25-34,Reels,46.493621413863806,249.0,6.0,3.950428724626139,9.527641234825236,61.90157810799703,30.0,9.0
U1306,45-54,Reels,39.628385775349855,175.0,5.0,2.0638168430090866,9.181910191077893,61.662208218750315,22.0,9.0
U1307,35-44,Reels,22.199836673463153,140.0,9.0,3.6977974067461195,5.593178074644772,65.68900878712181,15.0,3.0
U1308,35-44,Video,23.435841832561433,63.0,10.0,3.9595257024702257,3.50325940258095,74.47527799048852,30.0,3.0
U1309,18-24,Reels,36.50079332417553,197.0,5.0,5.79160858499914,8.269086494255415,47.856947448664116,36.0,9.0
U1311,13-17,Stories,19.074443743408924,264.0,9.0,2.918485488281268,3.510003371084931,58.636678541555646,13.0,4.0
U1312,45-54,Stories,21.8737148063299,99.0,9.0,1.5632007002434487,5.084230834937312,75.67296871021314,20.0,5.0
U1313,25-34,Stories,21.231854824582058,129.0,3.0,2.828725729284565,4.531228917653005,66.84399002797282,14.0,1.0
U1314,35-44,Video,47.83816859853562,45.0,8.0,1.9094152739228178,8.671188311066658,79.05548600435802,42.0,8.0
U1315,25-34,Video,47.94985584816956,258.0,6.0,5.156065904072821,10.0,60.7635324999484,33.0,5.0
U1316,25-34,Stories,23.44220352340347,11.0,16.0,4.271294087332798,4.602307187409629,83.25643213159081,13.0,5.0
U1318,35-44,Video,40.14062552424776,73.0,6.0,2.034383097072731,8.01369962016461,59.73912814401598,35.0,11.0
U1319,13-17,Text Posts,7.388302679653811,73.0,9.0,2.6717629841759427,2.281804431006122,89.15822848643383,4.0,1.0
U1320,13-17,Text Posts,19.5656467491314,85.0,6.0,5.447433205139431,4.860337243668013,74.73351119329027,18.0,4.0
U1321,18-24,Reels,14.055049311407384,34.0,6.0,2.5847049654923433,4.006837633865751,85.95641291265454,16.0,2.0
U1322,18-24,Video,45.53891552295883,77.0,14.0,3.2371367953327024,8.497292585013318,78.14574199204878,36.0,7.0
U1323,45-54,Text Posts,1.0,266.0,9.0,5.799866826923156,2.027556299241527,43.09170921716151,0.0,0.0
U1326,18-24,Text Posts,17.53388983074427,217.0,13.0,0.7533448948623298,3.689309538559841,69.78880635265537,15.0,6.0
U1327,18-24,Text Posts,11.660747740720911,270.0,7.0,3.6412094683359375,2.1528642101976843,43.37474317891108,12.0,1.0
U1328,35-44,Reels,12.052440418366675,297.0,10.0,6.951986614051772,1.827076480729691,37.77002950458372,11.0,3.0
U1329,35-44,Video,39.20699631018479,211.0,7.0,5.533613648370732,7.893058635681159,63.19249474551067,33.0,6.0
U1330,25-34,Stories,12.220792231672894,81.0,14.0,4.065080321115734,3.1960529766181316,89.42758956208301,11.0,1.0
U1331,25-34,Stories,26.811467208133692,292.0,8.0,4.677696973617607,5.697554341176117,42.38349673285357,30.0,9.0
U1333,18-24,Video,38.95420985388038,114.0,10.0,1.0466694024108665,7.669618780408231,76.06365379044814,37.0,13.0
U1334,55+,Video,25.42431044984788,204.0,10.0,3.8115287732256156,5.510071624780281,55.38445983964992,27.0,3.0
U1335,55+,Images,9.106677685726382,214.0,3.0,5.469996327105228,2.070610197702342,45.37352425834209,13.0,1.0
U1336,35-44,Stories,13.413613638989155,158.0,12.0,6.637053584325473,4.542764508657084,60.827116741351325,11.0,3.0
U1337,18-24,Images,23.567024802425557,14.0,10.0,4.258728021037076,3.6984852403675847,70.6894983916327,22.0,6.0
U1338,35-44,Text Posts,28.773770878054894,161.0,7.0,1.4617980717634653,5.189533605741228,75.90319595665657,27.0,3.0
U1340,13-17,Stories,28.768481446576804,81.0,6.0,4.332099785981428,5.531694301209551,76.71274353390605,15.0,9.0
U1342,25-34,Stories,6.058105989077106,135.0,10.0,4.109503252103879,3.196241338618329,60.10121245352328,8.0,0.0
U1344,35-44,Video,21.474913105592776,232.0,9.0,3.7852798151687903,4.393297109063961,66.81203289753344,20.0,5.0
U1345,35-44,Reels,12.1641161021242,167.0,3.0,3.589037015135475,3.5104196730491948,62.540167384742276,5.0,1.0
U1346,25-34,Stories,22.129989121377974,19.0,7.0,3.1066961878037134,5.32687789456687,75.44260910949131,19.0,6.0
U1347,18-24,Reels,25.859323022721387,236.0,10.0,3.6461376725100005,4.296037310518078,63.30320546147624,21.0,4.0
U1349,55+,Reels,34.90472686121513,34.0,8.0,3.6835148262296227,7.5080440148025644,54.565864506931874,33.0,6.0
U1350,13-17,Video,37.65616993172534,224.0,3.0,4.673981077060488,7.489273558136161,60.48025972569502,26.0,5.0
U1351,45-54,Video,41.57763176150374,151.0,9.0,0.5,7.317728048345999,75.14371815685598,33.0,9.0
U1352,25-34,Reels,27.304677137577308,263.0,8.0,3.2958004936573664,5.942324550374692,71.71797600833344,17.0,1.0
U1354,35-44,Reels,38.57814180820796,147.0,8.0,3.9226688123546336,7.431885528294581,73.54221975419836,40.0,11.0
U1355,25-34,Video,29.10887867218873,239.0,10.0,1.5892130284187291,4.071322034359917,69.28109270340236,23.0,5.0
U1356,45-54,Video,25.64403701237574,119.0,10.0,4.295356565673884,4.424368003055686,68.4140576540079,18.0,5.0
U1357,45-54,Stories,16.220821241956017,94.0,6.0,3.5741339494005517,2.911759699172314,64.18746541578963,21.0,4.0
U1358,25-34,Reels,18.87189080703487,212.0,14.0,4.646649537621069,2.2496047545399582,51.35857695468374,15.0,3.0
U1359,18-24,Text Posts,7.825696180105678,168.0,10.0,4.364565041752952,2.089000297530352,60.25342298039769,7.0,1.0
U1360,25-34,Stories,21.440539215634665,88.0,7.0,3.9869510562217707,5.022775718361161,85.69390067424028,8.0,4.0
U1361,45-54,Text Posts,15.48341739246127,81.0,9.0,3.5053130784529856,2.3809710925270773,81.22251159397469,6.0,4.0
U1362,18-24,Reels,19.021699335743705,165.0,8.0,3.929178319339867,4.6478453689618755,61.314006925035784,14.0,5.0
U1363,25-34,Stories,13.122946270512553,9.0,7.0,3.9321978569171945,1.709309282870343,91.55584992605755,9.0,7.0
U1364,25-34,Reels,38.743330047702436,82.0,12.0,5.4911752695814116,6.4174058692811835,76.32776566876555,29.0,10.0
U1365,35-44,Images,19.964001177339412,95.0,7.0,7.9854932510763135,2.9379194753705,68.32886822626936,18.0,5.0
U1366,18-24,Stories,38.750650393485415,91.0,9.0,1.8888444744467516,6.922186128400159,72.67039003243933,31.0,6.0
U1367,35-44,Reels,39.80128173741528,274.0,3.0,0.5,8.749068936543935,56.62575393445302,28.0,10.0
U1368,45-54,Reels,39.44293068559939,108.0,11.0,2.708321566416635,8.445384739845174,70.56739378094517,35.0,10.0
U1370,18-24,Stories,25.638603516334225,58.0,6.0,4.761680322576715,4.4545621346009625,72.70232808895713,25.0,2.0
U1371,55+,Video,34.46893198303089,215.0,9.0,5.738178642842113,8.663452679460043,44.675956589753255,20.0,5.0
U1372,18-24,Stories,12.490181964617506,99.0,8.0,4.723151266702025,3.3163793032682367,73.2255494596498,10.0,2.0
U1373,45-54,Reels,29.680153405325285,227.0,10.0,3.028984368289468,4.525338869837329,54.38541802442558,22.0,10.0
U1374,25-34,Stories,27.452115346114837,13.0,10.0,4.598487864144479,6.816953227089382,65.2735891897329,18.0,9.0
U1375,18-24,Text Posts,17.008315910042114,57.0,8.0,5.3223269361887775,5.658031041156287,80.9438485434978,19.0,4.0
U1378,25-34,Video,28.62412457924036,116.0,5.0,3.327483011713239,5.298215618663965,44.70738228997653,22.0,8.0
U1379,18-24,Video,37.16683118964286,169.0,6.0,1.6724070725876032,7.123105734926239,63.15156852057857,32.0,8.0
U1380,25-34,Stories,14.966499325228657,283.0,6.0,5.14485849932127,3.761694289582876,57.23489030775609,12.0,2.0
U1381,18-24,Reels,25.811337482643744,31.0,10.0,6.041697993288952,4.529528801654059,84.22119406633892,29.0,1.0
U1382,25-34,Reels,35.662429750405096,74.0,5.0,1.4335257171602755,7.897728737627077,80.68473309021957,33.0,7.0
U1383,55+,Video,24.59806280184102,222.0,14.0,4.649004795691447,4.9201279907042474,47.253412860990636,18.0,3.0
U1384,18-24,Reels,47.45195074276933,193.0,7.0,2.2969175211828823,8.9006325187473,62.59754628575144,36.0,6.0
U1385,35-44,Video,16.789139307055038,128.0,5.0,4.199858514135681,3.7158350627608536,60.18938450498166,18.0,4.0
U1386,18-24,Images,9.02332316745143,23.0,8.0,1.400875100449709,1.5889002083904862,70.11254326142915,8.0,2.0
U1387,35-44,Video,38.70211889941741,261.0,5.0,4.671036682186903,7.101919298273235,52.79806458857521,28.0,8.0
U1389,55+,Video,33.99524279428295,44.0,5.0,4.740646845973494,6.7840025548168,65.23757240300155,33.0,4.0
U1390,25-34,Stories,17.426092969984577,42.0,10.0,4.471095872883402,3.008077578268287,79.01923518221354,11.0,3.0
U1391,18-24,Reels,32.10550085327617,52.0,6.0,3.7799637566889555,5.6060331338255756,80.28524060946751,29.0,2.0
U1392,13-17,Images,12.689305225423197,187.0,9.0,4.682408636608507,2.6277382029265555,52.68829269825228,11.0,6.0
U1393,18-24,Images,28.931812579349057,79.0,7.0,2.831440042303789,5.993060632769113,70.25619651081117,28.0,8.0
U1394,25-34,Reels,36.39349114231602,213.0,3.0,4.363427723895974,7.678650645547275,57.027690560644956,28.0,7.0
U1395,18-24,Images,23.728243510056345,187.0,6.0,2.6709663042910305,5.113632414668321,59.789287655658065,23.0,9.0
U1397,25-34,Text Posts,11.206115755942971,192.0,9.0,3.2130837313806375,1.153533890890671,63.68587189309523,10.0,1.0
U1398,18-24,Text Posts,8.995340512792962,268.0,6.0,4.233427286109201,3.3853486428555413,64.87840353027246,7.0,8.0
U1399,25-34,Video,24.943986243105343,90.0,8.0,3.0695762455823505,3.6509770336526035,72.3016342548495,23.0,5.0
U1400,35-44,Stories,21.60164183945767,141.0,8.0,3.0985327484440135,5.568178193454863,60.79952872260072,17.0,7.0
U1401,18-24,Video,29.623542422201837,99.0,7.0,3.1650725526614085,6.42624689256102,69.97963905904051,18.0,7.0
U1402,18-24,Video,41.55403829850237,249.0,10.0,1.5033981286568217,7.794853398780878,44.469509555485594,35.0,8.0
U1403,13-17,Images,4.298084371056683,94.0,15.0,4.7983184502986775,1.0,61.62830145356355,3.0,1.0
U1404,35-44,Reels,45.19040612841821,63.0,8.0,3.5694972153268667,7.543064469108829,78.02418779642592,48.0,9.0
U1405,35-44,Stories,9.036673414079383,32.0,9.0,1.5661755031941489,1.1734467423269694,45.502256981316236,6.0,2.0
U1406,25-34,Text Posts,14.193023372004362,76.0,5.0,2.6855501584066803,3.2844238547039226,70.23241149957092,9.0,4.0
U1407,45-54,Text Posts,19.918593103880674,274.0,2.0,2.6017584337680155,3.449454251241302,61.880511273921705,17.0,2.0
U1408,35-44,Images,9.293595697998871,28.0,3.0,4.099460516650306,1.8199251011389874,81.23991786823753,5.0,2.0
U1409,25-34,Video,43.52468643432951,116.0,5.0,3.185778177874422,8.268325806843684,77.00553203196496,31.0,11.0
U1410,45-54,Video,22.708164021995838,60.0,9.0,4.860524278552975,4.710105964503094,77.35913781435758,15.0,2.0
U1411,18-24,Reels,42.521176991825605,227.0,7.0,1.7075027028571008,7.120348908429031,77.22067788169605,31.0,10.0
U1412,18-24,Video,35.141492649657586,124.0,5.0,4.150256119964499,6.764294758377563,55.290825911741194,28.0,10.0
U1413,18-24,Video,29.035885920311202,183.0,10.0,4.031384047412423,6.333425722745288,62.855837581753704,22.0,7.0
U1415,25-34,Text Posts,20.089192693927195,285.0,6.0,3.8819800745000608,4.860542303264727,47.28086789896839,17.0,9.0
U1416,55+,Stories,12.155447081495618,193.0,9.0,3.4448326239862443,2.2459026183196253,72.4870128167664,13.0,1.0
U1417,13-17,Reels,20.506423105772225,70.0,8.0,5.312221341897575,3.462505551833446,79.04569909530095,22.0,5.0
U1418,18-24,Stories,15.784634024162617,253.0,4.0,3.6273915310143097,3.6142898572722406,39.78198519474448,12.0,6.0
U1419,25-34,Video,23.23037887230032,80.0,5.0,5.206521030008664,3.807986778256169,75.62126443260365,18.0,3.0
U1420,55+,Video,53.205439079418156,141.0,9.0,4.751031067208313,10.0,71.98145559072312,48.0,10.0
U1421,18-24,Text Posts,6.336054087852768,168.0,8.0,1.6315665534360395,1.5839231613287663,79.52638452031243,6.0,0.0
U1422,25-34,Stories,26.316167861804036,237.0,12.0,3.3748296864646683,5.065919438077077,54.505851079559825,34.0,4.0
U1423,13-17,Text Posts,14.094700836477726,259.0,6.0,4.748061777720185,3.7909728497183357,59.689516494724835,15.0,4.0
U1425,55+,Text Posts,11.940452907872706,174.0,6.0,3.6229724949713376,1.9381559529205543,56.97786856348014,13.0,1.0
U1426,55+,Stories,25.84002779310748,178.0,9.0,3.715521669703193,4.657995639952944,58.70813663532924,21.0,2.0
U1427,13-17,Stories,16.117386649136936,22.0,4.0,4.409946210473127,1.9321614479418456,55.87166091409588,14.0,5.0
U1428,55+,Stories,29.931129458510277,74.0,8.0,2.9194096892487975,4.564488950251704,67.8725879149711,20.0,6.0
U1429,25-34,Text Posts,22.21515392781864,120.0,12.0,3.0704639713625257,5.042223485787459,83.71133782086532,16.0,5.0
U1430,45-54,Stories,27.189148546583294,84.0,5.0,4.75803171746865,6.9162274463675,69.87502441591904,22.0,2.0
U1431,25-34,Stories,13.403432277270031,19.0,5.0,3.8123467194251934,4.829196584590696,86.54553150663376,11.0,7.0
U1432,25-34,Images,4.201575522185131,180.0,13.0,3.2357076705742185,1.9578375916190205,64.27819667097559,2.0,2.0
U1433,25-34,Text Posts,5.864123946372056,273.0,5.0,3.5543813176195376,1.6934497609455241,56.94437974608325,5.0,1.0
U1434,35-44,Reels,29.962409406667206,123.0,5.0,4.267678250668748,6.300219932273221,87.6433629288486,28.0,5.0
U1435,18-24,Stories,23.457867135323553,192.0,7.0,3.473320612314537,6.001560426609861,56.714904011302735,22.0,3.0
U1436,13-17,Reels,6.284285952395525,61.0,8.0,3.739534463529609,1.0,69.74566457223452,3.0,0.0
U1437,18-24,Video,34.9188679838825,203.0,4.0,0.9284836049141267,8.784817042318,70.57301707795207,26.0,8.0
U1438,35-44,Stories,19.580892253231845,21.0,5.0,3.865892993522236,3.8764144175774295,77.09489822853592,9.0,5.0
U1439,18-24,Images,12.224557436844485,292.0,4.0,3.3052445740804925,2.704110890736626,48.07402535181605,8.0,0.0
U1440,35-44,Images,27.91273839015879,59.0,7.0,4.880353561547652,5.607245028333288,83.63756102293209,23.0,9.0
U1441,55+,Reels,32.21780074250871,273.0,7.0,3.4247188642584963,7.568784722571877,55.28557713347964,27.0,12.0
U1443,35-44,Video,32.84039479649768,33.0,7.0,4.4176243743979065,6.972891943718248,73.28308641947346,33.0,5.0
U1444,25-34,Images,24.37477492506925,26.0,6.0,2.383716598817106,3.6557070622924277,68.96929611189154,12.0,4.0
U1445,45-54,Images,31.350663945275194,289.0,9.0,1.6485219304182763,6.076532818468363,35.61962896279317,28.0,8.0
U1446,18-24,Stories,31.11693449272661,52.0,7.0,3.3759567216640605,7.27048055545215,85.91490012554078,22.0,5.0
U1447,35-44,Text Posts,1.0785840657126684,9.0,7.0,3.542684263672233,1.0,74.85788084982853,0.0,1.0
U1448,45-54,Stories,15.46323922457619,254.0,14.0,0.9537204812998739,3.0658065162743195,37.56368610508281,11.0,2.0
U1450,35-44,Video,39.89254535076328,206.0,11.0,3.0063959095187074,7.394092924931925,60.26671793375009,36.0,9.0
U1451,25-34,Reels,34.86353555014533,105.0,6.0,3.8017252467317544,7.990942910856763,69.72352512172996,32.0,10.0
U1452,25-34,Stories,9.611073259742637,75.0,4.0,6.52601384857793,2.417149888688001,56.62633980302344,10.0,1.0
U1453,45-54,Stories,18.678385139169375,167.0,7.0,0.9952467801638223,4.637764142311867,69.11074774151544,15.0,3.0
U1454,25-34,Reels,7.800726678438636,177.0,8.0,4.91719040731503,2.611628296920448,56.988914321284206,4.0,1.0
U1455,13-17,Images,29.4194500580189,145.0,5.0,4.228500763198519,5.914914609689456,60.21157133725294,29.0,6.0
U1456,55+,Video,29.876257593233063,142.0,5.0,2.7546051039466004,7.54921317525154,69.93809513907661,20.0,5.0
U1457,35-44,Reels,28.55863939844497,70.0,16.0,3.5362853058191046,4.49524682497981,74.20744237127451,20.0,6.0
U1458,35-44,Stories,14.903502860119389,202.0,7.0,4.870372787218692,2.830586070584003,50.07869302661955,4.0,0.0
U1459,18-24,Stories,29.46027575013415,232.0,7.0,3.666905655173448,6.041007881456222,42.55699914530201,21.0,3.0
U1460,35-44,Stories,1.0,285.0,7.0,0.5959197465974397,1.0,53.15356945011885,1.0,0.0
U1461,25-34,Reels,27.83389657674091,176.0,7.0,4.046884622750953,6.981608178515511,63.18594727996853,17.0,3.0
U1462,35-44,Video,33.94181242502302,44.0,8.0,4.582834275478157,5.919892563419755,100.0,37.0,3.0
U1463,18-24,Stories,13.463636124083173,11.0,6.0,2.87994300469395,2.7607667385582713,56.42098411319812,11.0,1.0
U1465,55+,Video,26.126705411442288,155.0,4.0,4.914020598865154,7.543515060221577,48.26953887787915,20.0,3.0
U1466,13-17,Stories,25.71796177235661,215.0,6.0,5.458476760988548,3.4786782133292267,54.35243929156175,21.0,2.0
U1468,25-34,Stories,30.61519252535516,257.0,9.0,7.317834150975842,5.847110688416871,59.72003362371843,20.0,5.0
U1469,45-54,Text Posts,5.328109152224946,25.0,4.0,5.248965600397929,1.7135856953900506,83.19969011767384,6.0,3.0
U1471,25-34,Video,45.960699074773984,37.0,10.0,4.701820273269081,9.610369917691425,78.76561382575244,41.0,7.0
U1472,35-44,Text Posts,16.253213083301105,264.0,6.0,3.6975368365775396,3.3300100112827393,63.452321020344165,12.0,2.0
U1473,45-54,Stories,2.550626533232414,238.0,10.0,3.1274831051961693,1.0,69.95688591601964,0.0,2.0
U1474,25-34,Stories,12.606949855367297,7.0,11.0,1.9385523529898525,1.5354310947167025,81.88044412897527,4.0,0.0
U1475,18-24,Text Posts,15.863826538480609,231.0,14.0,3.3210625843206363,3.9783392606571564,68.64508255010854,10.0,2.0
U1476,35-44,Text Posts,20.37764221546589,288.0,5.0,4.8435523345509255,3.216358582277959,53.33009903481429,13.0,2.0
U1477,35-44,Images,8.207693468070449,74.0,7.0,2.2970418622513225,2.066949265570506,72.53066322463687,9.0,1.0
U1478,35-44,Reels,1.0,258.0,5.0,4.128786961639934,1.5022656329419728,47.757135735679064,3.0,0.0
U1479,35-44,Reels,33.23223185737033,148.0,6.0,2.996209779137862,5.348689750484571,69.02043885497618,31.0,4.0
U1480,25-34,Reels,15.796793100560242,28.0,13.0,3.5782383463100733,4.4652303418527,80.62921448344338,6.0,1.0
U1481,35-44,Video,14.826612018775887,238.0,14.0,3.49411341678509,4.236936258038095,59.76262563811397,12.0,4.0
U1482,18-24,Stories,1.0,179.0,9.0,3.871201267886893,1.0,73.50160190096507,1.0,1.0
U1483,25-34,Reels,36.139808601977414,163.0,6.0,6.981057887066108,6.612627251350529,72.77122180792753,21.0,9.0
U1484,13-17,Images,16.286174504049665,290.0,10.0,2.8054969358203667,3.7894061971041646,36.25487249474326,13.0,3.0
U1485,18-24,Stories,15.743436192877484,22.0,12.0,3.5327639456483433,2.9706873573663404,63.24523277471728,10.0,2.0
U1486,18-24,Stories,31.890243629627616,48.0,13.0,3.2668011520798292,5.669960242194992,76.43410216646645,20.0,10.0
U1488,35-44,Video,51.16300042721917,235.0,4.0,4.878713618506299,9.356861588354114,55.54161530724935,40.0,8.0
U1490,25-34,Reels,27.654493760460365,221.0,11.0,5.647886892281898,4.987636843200984,58.86550349313461,13.0,7.0
U1491,18-24,Video,18.832866250519857,60.0,9.0,2.4129461097044747,2.0456835376149836,63.81291219804429,17.0,2.0
U1492,18-24,Stories,15.706176681445328,35.0,9.0,4.164648702527701,4.340087594537365,80.51803827237516,15.0,6.0
U1493,18-24,Images,12.513841462333227,63.0,12.0,6.187833172427277,3.0194939673249257,63.00187455371773,14.0,4.0
U1494,13-17,Images,21.266136372630708,239.0,7.0,4.270166038027043,3.3927037472477632,57.45820671261112,20.0,7.0
U1495,25-34,Stories,18.455638811418982,111.0,8.0,2.705872541568618,3.1814251492056833,52.031511870082696,11.0,3.0
U1496,35-44,Video,41.23407138279916,195.0,8.0,2.2470467666251137,9.005560968231364,49.19621156120885,35.0,6.0
U1497,25-34,Text Posts,19.034401331388942,22.0,4.0,0.5,5.0799780805155486,84.85811294016312,10.0,2.0
U1498,25-34,Images,36.54928677383142,230.0,7.0,3.025255370328299,7.417079841842347,69.82059077331601,40.0,7.0
U1499,18-24,Video,31.847033447138756,171.0,7.0,1.4551160497680522,6.111348047652656,72.01389651114876,26.0,7.0
U1500,45-54,Stories,8.58977299333621,75.0,13.0,3.538063707416875,1.0,80.07833918098599,7.0,2.0
U1501,25-34,Reels,30.460836153164088,58.0,7.0,2.9414402560080743,5.7707302197740615,89.01589558969839,18.0,5.0
U1502,25-34,Text Posts,3.9771997286045657,249.0,9.0,3.7290163360995607,1.0,64.75594347268395,7.0,1.0
U1503,13-17,Images,29.81960768436536,80.0,7.0,1.8523710782658998,4.796414625706205,56.69179501840688,23.0,6.0
U1504,18-24,Video,32.167819610547674,39.0,10.0,2.788774314154756,7.666613098241401,85.63310673290248,38.0,8.0
U1505,25-34,Images,9.344236321260096,271.0,7.0,4.358954159720927,1.7517805867516023,62.27505801824643,7.0,1.0
U1506,25-34,Stories,13.286842788488821,125.0,11.0,4.014793226963481,2.7981121210080264,48.76960889781422,11.0,3.0
U1508,25-34,Reels,26.422530167685146,164.0,10.0,4.7330939842053965,5.106405987071787,79.39023141906858,20.0,6.0
U1509,25-34,Text Posts,5.583331798696177,88.0,10.0,1.951656296086592,1.184489015723378,69.9044103824168,5.0,1.0
U1510,35-44,Video,51.65351917623531,118.0,6.0,1.2224966010974665,10.0,56.79232171625055,47.0,6.0
U1512,35-44,Video,35.35566074032994,170.0,10.0,7.143892938261576,7.345048673757973,60.244543951202786,27.0,8.0
U1513,55+,Images,21.523061516102302,195.0,10.0,3.013995216359359,4.216239326968725,56.6368085636406,15.0,2.0
U1516,13-17,Images,4.448923245195505,233.0,6.0,2.2091048762358456,2.8453689760661884,55.51932632653178,3.0,2.0
U1517,25-34,Video,43.227827808340024,90.0,6.0,3.9747673625047812,9.635332335369029,74.30946940803608,35.0,7.0
U1518,45-54,Reels,18.373489880810236,66.0,6.0,2.273288931024416,4.450575079902678,71.65131882622684,18.0,6.0
U1519,18-24,Video,41.92769031848861,210.0,8.0,4.342446206241723,8.855594791860044,68.13905121624579,38.0,11.0
U1520,45-54,Video,46.05833066294713,109.0,7.0,4.107906078701508,9.637780584765977,54.927435246588786,37.0,7.0
U1521,13-17,Video,43.61436525632805,295.0,10.0,3.9736587143616093,8.440696462003851,48.574837406021544,49.0,7.0
U1522,55+,Reels,30.513166482381024,254.0,8.0,3.7620660749850554,7.223342344201817,50.46487168361394,34.0,4.0
U1523,18-24,Reels,25.686990570703006,17.0,8.0,6.5224451157541035,5.466692583780401,81.35621898631194,23.0,4.0
U1524,18-24,Video,29.23580423665156,167.0,5.0,3.8564216602666,6.4308683963101,52.033130298451844,29.0,4.0
U1525,25-34,Video,49.71034690817104,47.0,8.0,4.298224155736755,9.648273191577971,90.29845210725028,43.0,5.0
U1526,18-24,Video,28.005047798323567,115.0,9.0,4.0539884246697175,4.730235150180972,61.08202035148044,21.0,1.0
U1527,18-24,Images,4.6293392643000395,209.0,4.0,1.9984611451075236,2.061399758244203,69.68777736859005,2.0,1.0
U1528,18-24,Text Posts,18.6536893503283,260.0,11.0,2.3469626723219554,3.859946755958971,60.05179670182218,16.0,5.0
U1529,35-44,Images,7.038631968135046,148.0,10.0,1.8744118576003708,1.0,67.34736093707146,7.0,2.0
U1530,25-34,Reels,18.499365025338726,150.0,12.0,2.326114925861192,4.042695919187428,67.4642662629793,14.0,3.0
U1531,18-24,Reels,13.563957378302351,168.0,4.0,2.7401150411432655,2.607828677205004,44.63345336162814,12.0,4.0
U1532,25-34,Text Posts,7.170901605394823,173.0,12.0,3.1971709815021714,2.984137174608597,57.65833429712917,3.0,3.0
U1534,18-24,Reels,30.430917276606987,275.0,11.0,4.364418923808247,6.532568530201344,54.63077546847389,27.0,3.0
U1535,25-34,Video,44.51306244299484,64.0,9.0,5.525803477334292,9.989578999946431,77.7075247389461,36.0,7.0
U1536,18-24,Video,40.268979236657934,239.0,10.0,5.21453515437269,8.709723271543089,36.91838132121219,36.0,9.0
U1537,18-24,Reels,26.091277804468202,169.0,6.0,3.917456076156177,5.76043825770237,60.6665213114999,18.0,6.0
U1538,35-44,Reels,26.0180432362028,198.0,6.0,2.2540526845022586,4.6968226167761005,56.633175128139364,20.0,8.0
U1539,18-24,Stories,23.101574689151835,238.0,13.0,5.073934127447766,4.737257891173251,48.79458983153907,17.0,8.0
U1540,25-34,Video,47.725701629285695,187.0,11.0,2.67399073855435,10.0,67.04486807079984,35.0,9.0
U1541,35-44,Video,36.263141994832004,236.0,9.0,4.151665710233072,7.42213488193926,52.130573827283264,32.0,3.0
U1542,18-24,Text Posts,7.30869145789591,111.0,6.0,3.921940664613362,2.9435760257340835,61.65310643641646,5.0,1.0
U1543,25-34,Video,25.071339989144548,227.0,7.0,1.9078629254089248,4.848480182097861,42.5971027987229,23.0,6.0
U1544,18-24,Reels,13.547947355877746,84.0,7.0,2.7111873864087235,2.743010663613834,60.541749591297034,10.0,1.0
U1545,55+,Text Posts,18.662696720435232,238.0,9.0,4.269682361198574,6.315672459419611,46.367020606201464,24.0,4.0
U1546,25-34,Video,40.77978523639557,188.0,5.0,3.2708063449298073,8.98621286956363,57.77582635116261,27.0,13.0
U1547,35-44,Video,40.773635251066615,189.0,8.0,7.868421719873519,7.18659157659337,56.15161244885876,34.0,5.0
U1548,25-34,Reels,26.713405536479442,138.0,11.0,2.8322412327663664,5.8406375043486545,59.93212080725425,22.0,7.0
U1549,13-17,Reels,42.069347458917505,224.0,7.0,1.987834196249165,9.2069438638019,40.762193801974185,33.0,6.0
U1550,25-34,Stories,13.158815054151823,292.0,8.0,3.6092770920106587,1.8305687391060328,40.74375148304474,5.0,5.0
U1551,55+,Text Posts,21.552692372072055,206.0,4.0,3.016663482368248,4.00954741249994,60.67800411203883,26.0,6.0
U1552,25-34,Video,34.61257105010457,150.0,10.0,0.9272028114923518,5.7312189194319085,79.59081847740696,30.0,4.0
U1553,35-44,Stories,11.916492353206625,131.0,8.0,4.753157288964913,2.6769609319764816,82.90644666488646,9.0,5.0
U1554,45-54,Reels,33.925303073177616,139.0,8.0,4.986925000063968,5.163435960259482,86.09745455161683,26.0,6.0
U1555,18-24,Video,39.096361186839935,118.0,10.0,4.7806655757421,7.03097150232268,70.83310471131678,29.0,9.0
U1556,18-24,Stories,21.56972759266926,268.0,9.0,3.980640784913608,2.93084138980562,52.64527547393307,17.0,1.0
U1557,25-34,Reels,28.812784220561987,68.0,6.0,3.297513607299063,6.091091707921908,79.54148423770944,24.0,7.0
U1558,25-34,Reels,27.62106918283169,139.0,13.0,3.7589156213624513,5.185500952563613,62.51852672880158,20.0,9.0
U1559,45-54,Video,58.88371992870439,45.0,13.0,3.3163482164464195,10.0,83.52757108745926,48.0,13.0
U1561,18-24,Reels,35.22826894985512,198.0,8.0,5.810828575771417,6.264371573161425,62.96850717172443,34.0,8.0
U1562,18-24,Text Posts,13.117991582033882,114.0,6.0,5.3974563410514405,3.4134401309576776,61.308135267491906,12.0,4.0
U1563,35-44,Video,45.07157200596669,225.0,5.0,4.490319813576125,7.864298800244278,67.14543704736174,39.0,11.0
U1564,18-24,Reels,33.17994776391452,8.0,5.0,2.860242020511741,7.65860457440164,69.34937502184493,32.0,9.0
U1565,35-44,Reels,28.262047527740357,248.0,7.0,4.377158186504632,5.500174940347232,48.83871324311613,29.0,9.0
U1566,25-34,Stories,14.96435674734085,170.0,8.0,3.1426326832639493,2.1560929434897504,59.638751440157414,14.0,5.0
U1567,35-44,Stories,17.19082662337312,30.0,7.0,3.0836999357375077,2.665098261965194,68.63514789196059,21.0,4.0
U1568,13-17,Stories,1.0,21.0,9.0,3.4758535272053375,1.0,83.5645166114748,0.0,0.0
U1569,25-34,Text Posts,14.106008392976417,220.0,7.0,4.16151861406656,5.0159895354616335,59.299025796103535,13.0,3.0
U1570,25-34,Text Posts,7.115239198896403,96.0,7.0,2.898916482185828,4.140841755427007,60.63886893244805,2.0,2.0
U1571,25-34,Reels,43.926699982828836,35.0,10.0,3.2914004076534153,7.450073096414782,71.28647614233492,29.0,8.0
U1572,18-24,Reels,28.193440708117542,209.0,5.0,5.475909809521618,6.31138364862361,60.50080514215815,19.0,4.0
U1573,35-44,Text Posts,1.0,211.0,8.0,0.989206213563457,1.8666495531909957,60.982237559091246,1.0,0.0
U1574,45-54,Images,14.501198458718823,111.0,9.0,5.025514471072179,1.6550039702433295,59.35108269389761,11.0,2.0
U1575,18-24,Images,4.538789149374958,150.0,11.0,3.3025577194681577,1.0,65.16365613172522,3.0,0.0
U1576,13-17,Reels,32.73407415712467,105.0,9.0,2.809591667023437,6.8374772153322505,75.73214962555106,29.0,9.0
U1577,13-17,Video,37.909473643394854,245.0,8.0,3.045840544296305,7.622771770164743,52.4668265463253,27.0,5.0
U1578,25-34,Reels,37.57839631108268,251.0,8.0,3.5170073728049926,6.1312081564947185,44.64275903907924,30.0,4.0
U1579,25-34,Stories,10.091182083054345,167.0,5.0,4.892475405818185,2.766015895923969,76.62222621751616,9.0,0.0
U1580,25-34,Reels,28.34008096228147,177.0,6.0,3.76319579602672,6.102578799115918,68.58717027811021,21.0,4.0
U1581,18-24,Reels,14.349782045733647,39.0,10.0,2.762399064777961,3.8113297017926904,71.94639523882078,11.0,2.0
U1582,25-34,Text Posts,19.014947819247144,288.0,14.0,4.536259176393039,4.336314465516559,52.15381827626025,15.0,2.0
U1583,25-34,Reels,33.18871180440122,25.0,7.0,3.355978872235206,7.165277439231501,73.94490544530801,33.0,8.0
U1584,25-34,Text Posts,16.958050210275708,167.0,8.0,4.290624897633796,3.420540116938086,53.40280987046089,14.0,3.0
U1585,55+,Reels,28.01619031356941,101.0,9.0,3.9072259481208422,6.811955360291506,76.72927663089192,23.0,7.0
U1586,18-24,Reels,32.14772890788791,59.0,5.0,1.907123102228391,5.102483389451962,90.75966323430524,15.0,4.0
U1587,35-44,Reels,44.043391083085965,131.0,16.0,4.357612078699432,7.710505132460627,75.95767524325534,24.0,8.0
U1588,25-34,Text Posts,9.14905742957986,197.0,12.0,1.033689082947868,2.9264593828667422,62.75946757597581,5.0,1.0
U1589,25-34,Video,36.38645183710084,247.0,7.0,3.3497455746257536,6.99438491932451,52.13256746826443,28.0,9.0
U1590,35-44,Video,24.138737008185903,92.0,13.0,1.9853252546208302,3.9202189891273145,44.18003472522646,29.0,5.0
U1591,35-44,Images,6.317390384016676,219.0,6.0,0.541013061480859,2.107949156576315,73.79682454955501,9.0,1.0
U1592,55+,Video,35.97813293093307,96.0,9.0,3.869550671914701,7.87105489782511,63.73547848566791,19.0,8.0
U1593,18-24,Stories,29.03933546701907,239.0,6.0,4.749763390897317,3.8186721146899005,64.4351993559813,22.0,4.0
U1594,18-24,Stories,15.437191757484275,188.0,3.0,3.452939759472804,3.7695463418607194,70.61380760748042,13.0,2.0
U1596,25-34,Stories,13.931147554956253,143.0,5.0,3.5008012418642327,3.276833834927942,51.71092337051258,19.0,3.0
U1597,18-24,Video,29.65243329155677,199.0,6.0,3.766004899676111,5.852077688876851,69.9299565350967,20.0,9.0
U1599,13-17,Reels,13.027423548213555,261.0,12.0,4.373248192903179,2.5945196068818137,53.005419507526774,10.0,6.0
U1600,45-54,Stories,30.809395766667276,139.0,5.0,4.306085843279108,4.91458923102514,64.90289041176207,34.0,6.0
U1601,18-24,Video,28.345777018705395,5.0,6.0,2.873089069152094,4.059519798262691,73.33982280578073,18.0,3.0
U1602,18-24,Stories,25.219034854381412,53.0,9.0,1.5768382006414634,3.6972634985890527,71.71474624390964,20.0,7.0
U1603,18-24,Video,22.30001402606124,100.0,12.0,1.2595326997205945,3.3467198559533387,71.40845110319029,18.0,4.0
U1604,18-24,Reels,34.68840130546218,205.0,6.0,5.011305444924464,7.376062898603333,50.09737382286671,26.0,4.0
U1605,13-17,Video,41.719446078144976,30.0,8.0,1.7510876232085377,9.304094133325796,60.66871389793814,31.0,10.0
U1606,25-34,Video,38.84202072005897,239.0,6.0,5.783842545587661,7.457122846888982,65.03671358993502,35.0,9.0
U1608,35-44,Reels,30.49548189598077,55.0,4.0,3.0525234712728007,6.129585193481686,55.868402834309606,28.0,4.0
U1609,18-24,Images,3.1694381526561095,85.0,13.0,7.747325527099326,1.0,75.56351096444901,1.0,0.0
U1610,25-34,Images,12.472367449038146,40.0,6.0,2.7936896397914563,3.113749679745722,74.18144802626809,8.0,3.0
U1611,45-54,Stories,28.29413100955326,71.0,10.0,2.0537339359397375,5.587317630445682,59.87800618355102,24.0,2.0
U1612,35-44,Video,42.96701927070742,133.0,11.0,2.9912639998251285,8.667122328377447,61.245170426147425,30.0,3.0
U1613,25-34,Reels,28.15182942540433,159.0,11.0,1.2243491346551876,5.093737187473971,67.79265317534441,28.0,6.0
U1614,18-24,Text Posts,2.2519342407715808,249.0,9.0,3.076611238330685,1.0,45.174049305950824,1.0,0.0
U1615,18-24,Reels,34.455877121741935,115.0,8.0,3.608309808706408,5.241792841102503,58.326102786457945,33.0,5.0
U1616,35-44,Video,35.193812376980254,172.0,6.0,4.990504761914431,7.9066216735897665,57.13323386952475,32.0,5.0
U1617,55+,Stories,1.0,146.0,8.0,4.264495952869064,1.0,55.954011575364945,0.0,0.0
U1618,35-44,Text Posts,19.82629826316518,201.0,6.0,3.718592441315151,3.244429883223063,48.87740319335902,12.0,4.0
U1619,25-34,Text Posts,11.757671661303078,113.0,6.0,6.724913224974118,1.4036963943024237,57.506670992805745,4.0,2.0
U1620,35-44,Video,47.02451247983072,83.0,5.0,4.400113055303928,10.0,76.02958913090346,38.0,15.0
U1621,25-34,Stories,7.047294811571954,165.0,7.0,5.652713353371967,1.0,54.430574224539576,6.0,1.0
U1622,13-17,Video,3.232961868039993,23.0,6.0,4.836692959523974,1.6099983205565476,88.52114089365851,3.0,1.0
U1623,25-34,Video,37.79083858345185,131.0,5.0,5.594539916572005,8.141098224031957,88.46619626701526,31.0,4.0
U1624,55+,Images,17.915636766819727,209.0,6.0,5.221285583900579,2.638806518235101,57.47174325066288,13.0,2.0
U1625,18-24,Video,18.093283723935482,33.0,8.0,4.751504303149763,3.5175081452039567,96.87067565526016,16.0,4.0
U1626,35-44,Reels,18.215004541333936,211.0,9.0,4.41461859792013,1.9464276481760248,64.32333615891577,20.0,4.0
U1627,18-24,Video,62.55217743719902,284.0,9.0,5.7286146432376555,10.0,53.22191847972968,49.0,14.0
U1628,25-34,Images,11.943893858461966,155.0,9.0,2.6211421978965186,1.7333765997518296,63.87914406981998,9.0,1.0
U1629,13-17,Text Posts,19.309589763762162,244.0,9.0,2.398949552539647,2.80576254643767,36.04590481212868,13.0,7.0
U1630,25-34,Stories,11.493401726316163,270.0,5.0,1.1054219926462152,2.0249187853936608,48.49651741447654,7.0,2.0
U1631,35-44,Text Posts,1.0,186.0,7.0,4.286366556131329,1.0,50.152694640490054,0.0,0.0
U1632,18-24,Video,33.297417532040946,109.0,10.0,5.242858871424655,6.942141295564784,77.85242843466942,22.0,9.0
U1633,35-44,Reels,25.343954397138948,240.0,8.0,1.940731485648956,6.968710472975385,73.1316111253822,18.0,6.0
U1634,35-44,Reels,24.001217613316285,177.0,7.0,2.413330720904604,6.122777479042654,64.44562432691778,17.0,8.0
U1635,45-54,Video,33.853591644936074,162.0,9.0,5.66148936813936,5.577011157173635,66.31873827530485,30.0,6.0
U1636,18-24,Reels,30.642682716456367,176.0,9.0,4.541332983924506,7.6637916926773855,72.02521880629352,18.0,5.0
U1637,25-34,Images,13.498830487461934,161.0,7.0,4.476083171146207,2.746564238775988,65.08500642770187,16.0,3.0
U1638,18-24,Video,22.35993832052636,262.0,6.0,4.122403865260985,1.9288416413672995,65.830410110899,21.0,4.0
U1639,55+,Reels,32.86184791561939,168.0,7.0,3.1820094522289266,6.345190722472502,86.84928834989492,38.0,4.0
U1640,45-54,Video,15.506282446775767,151.0,10.0,1.167960375445933,1.54320509891332,79.34243465122702,16.0,4.0
U1641,25-34,Video,14.496425427157998,158.0,6.0,4.38818170333504,2.4612063539466162,57.97323648305169,11.0,1.0
U1642,45-54,Images,22.39180494701568,42.0,9.0,6.697460287410051,6.386944194509404,84.19464575071643,28.0,5.0
U1643,25-34,Reels,33.07020272135357,135.0,9.0,3.948919519091908,5.303569302627423,59.82199596845363,37.0,6.0
U1644,25-34,Reels,27.42604634925964,259.0,3.0,1.7847276091279356,4.14532323784888,51.890704226204086,22.0,5.0
U1645,13-17,Text Posts,1.0,212.0,7.0,3.1995940665649054,1.0,75.23723379338391,1.0,0.0
U1646,35-44,Video,27.920890593259244,99.0,10.0,4.925031207642718,4.766519891920869,60.12936326796341,23.0,3.0
U1647,18-24,Reels,25.37253252313496,175.0,5.0,5.10337287404495,4.818924364100022,58.53661077504032,25.0,6.0
U1648,35-44,Reels,12.041060314258866,254.0,9.0,5.8363434315703895,2.5169107101925343,66.02407597295205,6.0,3.0
U1649,35-44,Stories,10.60971341976767,194.0,7.0,5.090577898467769,1.0,52.029797485608924,9.0,0.0
U1650,35-44,Images,21.523303381766798,203.0,4.0,0.503694622301404,4.533034982003615,40.52618524622084,15.0,6.0
U1651,13-17,Text Posts,26.273053642892165,225.0,7.0,3.8441345795492943,4.49344913592502,42.58404804463999,20.0,6.0
U1652,18-24,Reels,23.805652473414494,28.0,7.0,1.337085467779727,5.833296343842603,71.1126550968993,14.0,4.0
U1653,18-24,Text Posts,19.564883543160985,248.0,9.0,4.451723833924851,3.0394232768753446,54.81097694317514,12.0,3.0
U1654,18-24,Video,15.859399294125328,132.0,4.0,4.598303507308097,2.4606290941673494,63.765172713068104,15.0,6.0
U1655,13-17,Video,41.594512411136115,97.0,7.0,2.2691315302025172,7.387689970585585,65.18119854116397,31.0,4.0
U1657,25-34,Reels,31.0734561670797,59.0,6.0,2.5355579523836247,4.773464596018177,69.13127557517,22.0,6.0
U1658,18-24,Reels,25.522475817602906,162.0,5.0,4.731171691376353,5.626622489333197,56.83667124789759,18.0,5.0
U1659,25-34,Stories,31.20414009783834,33.0,7.0,3.3818606827414857,5.713583000517206,78.9985654948226,15.0,4.0
U1660,25-34,Images,6.255643516600818,215.0,7.0,2.5365634707857057,2.0630128659313085,59.651139886415656,12.0,0.0
U1662,25-34,Reels,25.204925367034665,297.0,10.0,4.414440909409309,6.753194329511103,70.49065765866011,14.0,7.0
U1664,25-34,Video,33.1614610684079,119.0,3.0,1.1877386076249987,6.274530092367433,73.2923975358719,28.0,7.0
U1665,55+,Stories,9.54326895505887,162.0,1.0,2.629111991932712,2.497214721520162,65.3901060856447,4.0,4.0
U1666,45-54,Reels,27.859010340933285,263.0,5.0,4.519631527179449,3.4953996039627655,66.48227425343495,30.0,8.0
U1667,18-24,Text Posts,11.373517778781785,255.0,6.0,1.0066447367760887,1.7949892728372687,49.42706462141446,9.0,1.0
U1668,55+,Video,37.41240248406729,126.0,6.0,1.047850235298824,7.395580450160401,63.62993726070211,36.0,8.0
U1669,18-24,Video,35.84505145692862,267.0,13.0,2.3989900949478997,7.893432539293737,40.386202542165904,30.0,12.0
U1670,35-44,Reels,35.97994549612236,53.0,6.0,4.659951384082026,8.126370414671184,84.95136617855835,29.0,9.0
U1671,25-34,Video,44.235086160473685,81.0,11.0,3.51697313219845,9.966123148633873,73.26001940648776,45.0,5.0
U1672,45-54,Video,24.493766781721988,131.0,7.0,4.260363473161219,4.603694916882493,78.16356344573397,15.0,8.0
U1673,45-54,Stories,26.68772500590771,201.0,11.0,2.024296849996323,4.600813298359404,55.59203420344209,23.0,6.0
U1674,35-44,Video,23.136635728901457,225.0,11.0,2.0091289253260385,4.68619073664118,50.78172870250632,16.0,2.0
U1676,18-24,Reels,34.197387847028686,12.0,5.0,4.13693610527831,5.164571479215448,75.41415936739153,33.0,4.0
U1677,13-17,Video,15.886831083374958,36.0,11.0,1.887641874901691,3.341363712441817,82.71256419786374,15.0,6.0
U1679,18-24,Text Posts,7.315038866396843,195.0,10.0,1.3887070758024898,1.235233537659136,61.56898065403932,5.0,1.0
U1680,35-44,Reels,20.41234742064625,167.0,8.0,1.915234562191845,3.793898001525349,57.22459571027934,19.0,3.0
U1681,18-24,Text Posts,25.508523306990057,65.0,9.0,1.5952173332204662,7.243252338279216,77.07746752592895,18.0,6.0
U1682,55+,Video,28.46320859362581,268.0,4.0,3.4494665330812073,6.59210834922071,45.61181154948959,22.0,5.0
U1683,25-34,Text Posts,3.936230708819501,289.0,8.0,4.507267026084994,1.4282068321799808,52.07736888558063,3.0,0.0
U1685,18-24,Stories,24.855897462984164,45.0,8.0,2.817418051999378,4.625160701721812,87.90079379824934,28.0,2.0
U1686,45-54,Stories,16.583514139898732,153.0,15.0,4.01517404895072,2.0727943182176416,59.617015039983066,11.0,7.0
U1687,45-54,Images,26.663705456692522,208.0,7.0,2.9923814833901936,3.1718365001549,61.92633510842404,28.0,6.0
U1688,25-34,Reels,33.30975661964091,271.0,10.0,0.9291566784463385,7.202863181589633,47.53532250064813,21.0,6.0
U1689,25-34,Video,13.217886802685697,6.0,10.0,3.804122208745874,3.1975534408637074,82.21742018641035,9.0,3.0
U1690,35-44,Video,29.705330364929917,182.0,12.0,4.0888100131998435,5.181136831236324,52.633469683874175,20.0,5.0
U1691,18-24,Text Posts,6.38157900648301,198.0,9.0,5.305254417075519,1.0,53.64254971748333,3.0,0.0
U1693,25-34,Text Posts,1.0,253.0,5.0,2.660441582761538,1.0,56.02674150438437,0.0,0.0
U1694,18-24,Video,60.49009708717722,216.0,7.0,3.174531413652172,10.0,53.907611777810445,43.0,16.0
U1695,18-24,Reels,33.3102609489421,157.0,16.0,3.552839764835892,6.998145993373957,43.02416797444956,30.0,6.0
U1696,13-17,Video,36.48876803917691,162.0,6.0,3.820400672738945,8.359822348937687,65.47614884588847,38.0,7.0
U1697,13-17,Images,26.815677164191463,143.0,11.0,5.741476412988914,5.339413377488091,87.55864178586629,25.0,4.0
U1698,18-24,Stories,41.436540528126244,225.0,15.0,3.400638558166475,9.553662862729707,51.79635076510617,30.0,4.0
U1699,55+,Images,23.70746644588403,277.0,13.0,2.7192680833909755,7.112904002100478,48.456320559679405,21.0,6.0
U1700,25-34,Reels,37.4881309647162,158.0,9.0,5.362842969833624,7.89705923488412,64.6783826840768,42.0,11.0
U1701,55+,Stories,19.306900244643824,253.0,7.0,5.326365922821404,3.799819270499622,48.36932159122024,17.0,4.0
U1703,18-24,Reels,23.242045559950988,280.0,10.0,1.0948260861592054,5.252467118098092,61.8048102846442,20.0,5.0
U1704,25-34,Text Posts,3.7388800828545783,6.0,6.0,3.6211813731028752,1.0,86.3605605615914,5.0,1.0
U1705,25-34,Images,8.129859003005027,92.0,10.0,3.1487434574047626,1.7135327449669169,91.94325040149707,8.0,2.0
U1706,18-24,Images,1.494440356570168,291.0,8.0,4.154745267418056,1.0,67.95564307575361,3.0,0.0
U1707,25-34,Stories,17.241285493149768,134.0,4.0,2.193613667903532,3.0134711698137755,67.38575535860184,21.0,9.0
U1708,18-24,Reels,11.153324227736132,82.0,5.0,4.7299573848805645,1.2316455306610807,69.00866166123706,12.0,3.0
U1709,25-34,Reels,29.90916524143711,264.0,10.0,4.036453404688662,6.789377376971365,50.70819640609028,30.0,5.0
U1710,35-44,Images,14.636693919576583,245.0,6.0,4.812933890932011,1.0,50.079618186077916,15.0,2.0
U1711,18-24,Video,36.46935298386688,145.0,12.0,2.3780747599643854,7.737269775281299,63.309649234648205,37.0,12.0
U1712,13-17,Stories,12.778684299800076,232.0,8.0,3.89761579235265,1.0399971272122188,51.68368545781206,10.0,3.0
U1713,35-44,Stories,48.768603701805034,167.0,11.0,4.682797086587227,10.0,52.03859872045575,35.0,8.0
U1714,25-34,Stories,31.60115900180313,240.0,10.0,0.5,5.987536990025419,31.79875829514256,29.0,7.0
U1715,13-17,Images,2.5545749991527718,132.0,12.0,4.500306084556293,1.0703763179217836,77.25662497286868,2.0,0.0
U1716,55+,Reels,30.328680874268983,204.0,6.0,2.9592113293097237,6.257104619893139,32.98977259976683,26.0,5.0
U1718,35-44,Video,24.85520273292586,142.0,11.0,5.378825999875483,6.816019236131189,75.48812893849039,11.0,3.0
U1720,18-24,Reels,32.32216690759254,238.0,6.0,2.6313867392961807,7.083063244585715,54.719739620915995,30.0,6.0
U1721,18-24,Reels,21.186197649304262,206.0,12.0,0.968361951706604,3.953462764841126,61.56590426486923,17.0,1.0
U1722,18-24,Text Posts,21.67826024025204,283.0,10.0,3.3850369117456105,4.821026062878669,47.35085265366935,21.0,5.0
U1723,18-24,Images,24.937822145304388,135.0,10.0,5.093804809797442,6.016150162585319,65.57330706362806,25.0,7.0
U1724,18-24,Video,48.739143852114495,152.0,4.0,5.47165300299405,9.361807800648032,61.65239061632772,42.0,10.0
U1725,35-44,Reels,19.476132339258964,33.0,7.0,0.5,3.9635052079095168,69.82913296470593,17.0,3.0
U1726,13-17,Images,19.753656106920104,166.0,12.0,4.396267431552157,3.188282246346149,75.29305019192816,9.0,4.0
U1727,25-34,Video,41.32454216642301,65.0,11.0,4.192921130926078,9.131849111868991,82.21262295473352,37.0,10.0
U1728,55+,Video,30.25821824896035,129.0,7.0,4.658013110434239,6.5529607699321115,65.60130930657192,24.0,6.0
U1729,35-44,Video,27.28228042607125,75.0,5.0,3.5196218793581684,4.1860012021089545,72.97606256240414,15.0,8.0
U1730,25-34,Stories,34.09520665775973,247.0,8.0,0.8451845316393598,7.1569476800506715,47.833865014310824,32.0,5.0
U1732,25-34,Images,21.35967750711738,225.0,7.0,2.120465683668953,4.399111730019189,56.4604789320138,12.0,2.0
U1734,25-34,Reels,15.807155334778063,86.0,8.0,4.675700152541385,4.478980550136059,73.96533487544849,18.0,7.0
U1735,18-24,Video,29.305502255078896,14.0,9.0,3.2440673696878437,5.206041739400804,79.44793333909766,24.0,10.0
U1736,45-54,Reels,26.75978612610003,16.0,4.0,4.090586217993694,7.4774939032318875,69.93596533883887,24.0,7.0
U1738,18-24,Text Posts,11.90155191349617,149.0,9.0,0.9121825346758441,2.086756340588654,74.95224787124052,11.0,4.0
U1740,25-34,Stories,6.799525775301278,254.0,6.0,6.179807632368487,1.6690214793692497,86.5278453699682,7.0,3.0
U1741,35-44,Images,21.709112482768752,118.0,4.0,0.836223375201623,6.321452820968651,58.75140066309508,20.0,7.0
U1742,35-44,Text Posts,18.03790520277894,30.0,3.0,4.5389800649332885,4.072221653374249,83.15794200989696,13.0,4.0
U1743,35-44,Text Posts,8.081232346131337,275.0,8.0,6.484118573861118,1.0,58.12628461323167,6.0,1.0
U1744,13-17,Video,24.82235690923047,37.0,6.0,1.4051647438965027,4.3301079524099455,83.50280071778333,12.0,5.0
U1745,25-34,Video,24.72596448473989,66.0,7.0,1.7409562251691284,5.755515181151472,90.49234683597743,18.0,4.0
U1746,25-34,Video,31.26731754058686,233.0,6.0,4.7203606796862205,6.079690461196711,53.960735453663844,26.0,4.0
U1747,13-17,Stories,24.445184916452913,99.0,14.0,4.18780858124225,4.3869508328065026,70.52426425629213,12.0,4.0
U1748,18-24,Reels,37.28245691344325,39.0,11.0,3.82738968063698,6.7860547049936075,80.34730390923951,26.0,7.0
U1749,35-44,Reels,23.03468264518031,197.0,7.0,3.1245923571906196,3.686945517857232,43.46202183564661,17.0,7.0
U1750,18-24,Images,3.4650757401521624,80.0,8.0,3.7328900206291227,1.0,73.355942545894,1.0,0.0
U1751,25-34,Images,17.678436378663335,253.0,6.0,0.5,2.870580506602566,58.707976699625625,12.0,4.0
U1752,18-24,Images,6.764650293741505,87.0,12.0,1.7004390678167258,2.6977254045001517,64.21478211039664,2.0,2.0
U1753,13-17,Reels,22.817473611387975,29.0,6.0,3.331955090078059,3.734593903106108,98.93183858035619,26.0,3.0
U1755,55+,Reels,36.27115428565768,36.0,4.0,3.2894021974291956,7.23520834383353,69.0294005117228,30.0,6.0
U1756,35-44,Video,36.579743122514515,16.0,8.0,3.4742563089412837,5.280322197828099,72.68164436195892,36.0,11.0
U1757,55+,Video,22.28080998887277,96.0,10.0,2.394094117295669,2.050051320224821,62.49256773478464,20.0,6.0
U1758,25-34,Reels,30.113965674706588,5.0,8.0,2.482086327169241,6.647426479105684,71.9310876586128,24.0,9.0
U1759,18-24,Reels,38.626572907875264,140.0,5.0,1.9314531449906802,7.779997495144539,69.37777645852104,40.0,7.0
U1760,25-34,Text Posts,8.243663342344643,200.0,7.0,2.7736956871457297,1.0,64.28484577080567,4.0,3.0
U1761,25-34,Video,48.51114089986715,137.0,9.0,4.040079203239778,9.793056165841689,70.80804051916337,39.0,10.0
U1762,45-54,Stories,30.92745289518207,90.0,1.0,4.143985126181395,5.893753251414911,77.77028463520814,23.0,4.0
U1763,13-17,Reels,44.63732832143474,299.0,12.0,5.036839955651326,7.404199637341109,54.327153057106244,34.0,12.0
U1764,25-34,Reels,31.05243126531353,283.0,8.0,3.264464435300202,6.941709285058138,73.46918757396651,26.0,6.0
U1765,18-24,Reels,33.873916998060125,184.0,8.0,4.185724407292044,8.293282576224746,70.6567870320571,24.0,2.0
U1766,18-24,Reels,42.141872883310896,8.0,7.0,1.3230663802971692,10.0,68.85742811103022,35.0,8.0
U1767,35-44,Stories,22.473939370689756,130.0,6.0,3.811937398251394,4.82166022316915,67.34344928782986,22.0,7.0
U1768,25-34,Reels,22.98765892209787,179.0,7.0,3.1659122527524204,4.619958375619131,50.816328199894485,14.0,6.0
U1769,18-24,Video,30.514571634721385,255.0,10.0,4.249092700425782,7.877110103793843,54.719759637324216,18.0,10.0
U1770,25-34,Video,37.38554953773739,25.0,9.0,3.0767113480347765,7.7294442975668565,63.42939346126521,32.0,9.0
U1771,25-34,Reels,15.094385780537813,109.0,5.0,2.935696888222555,2.67822066282311,66.76303143538227,14.0,2.0
U1772,35-44,Images,13.567410846358074,70.0,7.0,2.2651399426126946,2.057548120695116,71.92136625220758,8.0,5.0
U1773,45-54,Reels,38.96547118230254,267.0,8.0,5.011335773778447,8.346835156979186,39.85539406804959,33.0,7.0
U1774,55+,Stories,1.0,53.0,10.0,2.5801855934712536,1.0,74.85672831838934,0.0,0.0
U1775,35-44,Stories,33.34482101794515,20.0,12.0,6.296674402961708,7.828552615495552,74.26700845732347,22.0,5.0
U1776,18-24,Images,26.223742187031597,149.0,5.0,1.532860898662912,3.854006329606716,54.1611387791791,23.0,4.0
U1777,35-44,Text Posts,7.402353841695237,254.0,9.0,5.256842082318976,1.0,63.82686746694349,5.0,0.0
U1778,25-34,Stories,23.433908278718096,79.0,5.0,0.5,4.995966547139563,68.6247465820393,15.0,7.0
U1779,18-24,Stories,18.031477269063267,294.0,8.0,3.246101500717256,5.351903392124972,61.85760423038284,21.0,5.0
U1780,45-54,Images,27.29990368438683,286.0,9.0,2.618082495791314,5.191373556350075,53.45224158969004,25.0,4.0
U1781,13-17,Reels,37.82683142769941,70.0,7.0,4.159205639890482,6.514544532189618,69.0920366806567,36.0,4.0
U1782,45-54,Reels,13.999292768169909,129.0,9.0,4.7251570444374025,3.8673081581429942,57.427591832636786,12.0,0.0
U1784,25-34,Text Posts,9.943721463567524,45.0,3.0,2.7019218409284385,1.0,77.37199746995023,3.0,3.0
U1785,35-44,Text Posts,12.828325705181,190.0,5.0,2.39537616774356,3.1717860579438666,64.64499305688517,12.0,7.0
U1786,45-54,Video,27.718280990301842,270.0,9.0,4.823313932944002,5.321432790013478,44.60027269975953,21.0,3.0
U1787,25-34,Stories,35.481370691208355,275.0,4.0,3.296110548846651,6.852279138649659,40.41604262064857,21.0,5.0
U1788,25-34,Reels,38.40061819902576,46.0,12.0,2.5472107511622903,8.417185151029702,82.39260384127478,24.0,4.0
U1789,13-17,Video,27.60228836027033,97.0,7.0,2.8318096973717566,6.348136079611228,77.7370968992855,19.0,6.0
U1790,25-34,Images,1.6538939308976737,189.0,3.0,2.4341572057934506,1.0,52.83174390990794,2.0,1.0
U1791,18-24,Video,31.14327369022152,219.0,8.0,0.9962502602543735,6.350995531446864,56.25330309783658,24.0,4.0
U1793,25-34,Stories,20.40205843946223,269.0,10.0,4.2325697170405885,3.823291035662182,42.07904298686462,15.0,9.0
U1794,35-44,Stories,30.531328247682435,118.0,10.0,1.0839826816808649,5.228719470120775,59.432632158262955,22.0,9.0
U1795,13-17,Video,42.89919722180852,296.0,10.0,5.749531669619551,8.369539204805143,58.581272804589474,33.0,8.0
U1796,13-17,Stories,27.69569025752907,296.0,8.0,3.765669980229921,5.129487359990082,41.48936286480557,32.0,4.0
U1797,35-44,Reels,31.268554006104374,52.0,4.0,3.1824595072092143,6.0718481438461165,75.48920691472456,19.0,5.0
U1798,13-17,Video,21.1070126978901,101.0,7.0,4.294525882739361,2.549982032904558,70.88275424952188,21.0,3.0
U1799,13-17,Video,33.04301468853099,99.0,8.0,2.8469210700208705,5.290644508882711,58.12660147199417,26.0,6.0
U1800,13-17,Stories,28.600897399086655,78.0,9.0,1.5266418645878148,5.503387176666639,82.02208879116637,16.0,1.0
U1801,55+,Reels,27.48477071475354,72.0,3.0,2.691488396195308,6.991374550365922,57.21437302688162,27.0,4.0
U1802,35-44,Images,20.03090368623747,250.0,7.0,3.3902514212767048,4.738204736916715,57.78275230740173,15.0,5.0
U1804,18-24,Images,4.701881514581549,212.0,8.0,4.262954797032917,1.0,59.8328657600752,7.0,0.0
U1805,18-24,Reels,26.766559359538896,258.0,12.0,5.419286283254511,4.408765601023189,51.85313784902235,25.0,6.0
U1806,35-44,Images,18.090474430326537,225.0,11.0,2.9520446436437173,4.242768533861153,46.18254202433747,14.0,5.0
U1807,35-44,Reels,21.443122805385563,266.0,2.0,0.5,3.1236490868036753,50.40662940707265,9.0,2.0
U1808,18-24,Reels,25.642887551433315,263.0,10.0,3.250775908474907,6.760507076887029,58.476326425809134,32.0,5.0
U1809,18-24,Video,25.605367580140175,78.0,10.0,2.2247499035472127,5.07766314301614,69.77318132370294,25.0,6.0
U1810,13-17,Video,46.19244917564096,129.0,13.0,3.1786304336612416,10.0,62.33524976494095,32.0,11.0
U1811,35-44,Stories,15.05544242411966,192.0,10.0,3.1589708397518024,4.7144478461284045,40.96530746769656,17.0,0.0
U1813,18-24,Video,50.287478505409084,239.0,13.0,1.4491919857761064,10.0,48.68677922884967,41.0,4.0
U1814,13-17,Stories,17.18954035278256,254.0,9.0,3.518611761507559,2.792900934091919,62.982125290267696,9.0,3.0
U1816,55+,Stories,1.0,239.0,10.0,6.115651514362421,1.0,61.17125627261825,0.0,0.0
U1817,18-24,Reels,13.279629269732084,160.0,7.0,3.8695356591893484,1.0,56.22901062762815,10.0,1.0
U1818,35-44,Text Posts,1.0,119.0,10.0,2.399550206941154,1.3539226329431986,47.455958242841774,2.0,0.0
U1819,25-34,Text Posts,25.784696274615047,232.0,5.0,2.7889181029489025,5.702697107705611,66.6334207343746,18.0,3.0
U1821,18-24,Reels,31.89604524091988,18.0,11.0,3.646943074526357,6.644158642093241,87.53033929390739,28.0,8.0
U1822,18-24,Reels,5.79578991064874,20.0,10.0,4.424587135792483,1.1918740155816738,75.81938241453648,6.0,1.0
U1824,35-44,Reels,36.87079776446287,114.0,11.0,3.3934579810115144,6.367200276430061,100.0,19.0,10.0
U1825,25-34,Video,37.867741123825866,282.0,13.0,4.182835314283846,9.063551935070116,56.23364859026155,23.0,8.0
U1826,25-34,Video,33.527947213144024,23.0,11.0,4.139657077183863,8.03573394801139,64.04858314490136,25.0,8.0
U1827,13-17,Reels,33.64842358600123,70.0,13.0,3.6481529777430493,6.089198403664145,78.49792222103717,29.0,11.0
U1828,55+,Reels,44.35797806135815,171.0,17.0,3.188519057078013,9.292171689384704,66.65600179183257,39.0,6.0
U1829,35-44,Text Posts,9.789575364629494,77.0,5.0,3.712250205788412,2.5056959489030213,59.956391373746186,7.0,0.0
U1831,55+,Reels,29.92596918731305,278.0,6.0,1.7984785877290472,5.204461128193503,47.79533418334603,8.0,9.0
U1832,25-34,Text Posts,35.92109635273992,89.0,9.0,5.6660685942786975,5.258727374335783,74.63713540095613,32.0,7.0
U1833,25-34,Text Posts,1.0,143.0,9.0,3.823435881081298,1.0,56.5429809544269,0.0,0.0
U1834,35-44,Reels,34.83223014788808,43.0,10.0,3.9098354128331594,7.177609564340147,65.31323215777152,28.0,7.0
U1835,35-44,Reels,26.851977512409363,109.0,11.0,3.1752452843663588,6.3951481141419775,57.37273286396022,20.0,5.0
U1836,35-44,Reels,33.667717261841794,285.0,6.0,4.247296590791693,5.843969705224016,32.77631020581628,30.0,12.0
U1837,18-24,Images,8.426274460052756,127.0,10.0,3.2301876684961037,1.4940038803434132,73.58271099481667,4.0,0.0
U1838,18-24,Video,34.5103496914155,222.0,9.0,1.224265686949988,6.459230403302799,58.6270714991521,38.0,8.0
U1839,45-54,Images,22.11410579465495,65.0,8.0,2.698104746735632,3.279778445939743,81.39402385386272,16.0,6.0
U1840,18-24,Stories,49.12910201043841,104.0,7.0,4.396406748432493,10.0,62.455184109486524,43.0,5.0
U1841,18-24,Reels,36.08036189402071,208.0,8.0,2.6096132894463437,5.469369984866316,51.74318309949335,21.0,8.0
U1842,25-34,Video,26.519344019694913,262.0,5.0,0.7509208728142829,5.941967408112457,57.22573479404443,30.0,6.0
U1844,25-34,Reels,23.46585891616146,201.0,9.0,0.9039804785005363,5.677761322612169,69.74794994823031,19.0,7.0
U1845,55+,Video,17.04356827369985,184.0,4.0,3.037409898298472,3.581247861082303,50.4429204330383,15.0,2.0
U1846,18-24,Stories,14.699098082985628,137.0,6.0,5.278078766274397,1.389594034872748,75.76305054397697,13.0,1.0
U1847,18-24,Images,22.32829081821745,257.0,5.0,1.5924047196395525,4.7783419696652185,69.34026564814691,16.0,7.0
U1848,18-24,Stories,5.257678809232049,269.0,6.0,4.471965875353679,1.0,57.318473626378314,2.0,1.0
U1849,45-54,Stories,28.484826510505926,97.0,4.0,6.072245253388649,6.790000300283686,81.87699172198435,23.0,7.0
U1850,25-34,Video,39.87774821084338,154.0,6.0,5.4095194983510595,8.702982920287706,69.83454112067925,32.0,5.0
U1851,18-24,Reels,20.65766678028962,142.0,7.0,3.158567322886396,5.275327842730281,54.585750158972935,16.0,5.0
U1852,35-44,Video,33.584703626621526,212.0,8.0,2.1271802248844027,6.37168287787886,68.14142644923218,31.0,1.0
U1853,45-54,Stories,33.98321807641033,129.0,9.0,3.762328052370576,5.880568655528391,70.9809965707916,38.0,5.0
U1854,45-54,Images,22.335478135058658,238.0,6.0,3.783087627792906,4.45251289372331,45.99772161419612,20.0,7.0
U1855,45-54,Stories,18.08783654898148,65.0,5.0,4.882449820732129,4.3506455591175515,67.82018864473115,6.0,2.0
U1856,18-24,Video,32.623166830390154,270.0,12.0,3.5767513387176586,5.566066819943472,57.1248903474622,31.0,6.0
U1857,35-44,Reels,28.766090704516596,138.0,8.0,4.104039766532609,6.061971125905852,90.17312211037225,23.0,12.0
U1858,25-34,Stories,12.882364420576966,117.0,12.0,2.1365696196787503,2.952480066926941,86.29735486400611,13.0,4.0
U1860,35-44,Text Posts,32.42177910534731,191.0,9.0,1.5859316970170814,5.442072375450987,60.908237561021146,26.0,6.0
U1861,35-44,Text Posts,13.553249991994015,93.0,10.0,2.5587228561294886,3.2031105389407,85.5864969528744,16.0,4.0
U1862,35-44,Stories,21.98147265122537,191.0,5.0,4.401281483534134,3.90437555661065,56.86360098566986,14.0,4.0
U1863,18-24,Reels,27.420922501230912,136.0,11.0,5.436421150910491,4.729005600657658,61.347615781001714,22.0,7.0
U1864,25-34,Reels,20.64883199275412,127.0,9.0,4.525775507378718,6.072187586158314,61.913258396704094,16.0,3.0
U1865,55+,Video,33.140755190512294,52.0,6.0,3.451411592006541,7.073473131708478,83.24841442054174,30.0,7.0
U1867,13-17,Reels,50.77086498053305,183.0,8.0,2.1382238534032263,9.407122795206101,67.03023546861947,35.0,13.0
U1868,18-24,Stories,5.65488001577604,184.0,4.0,2.9458608521617107,2.807564510683778,59.63408075578581,3.0,1.0
U1869,18-24,Stories,7.680337161528206,103.0,8.0,0.6262887551275118,1.1284563696617678,87.19184849394857,5.0,2.0
U1870,35-44,Video,30.597407956135996,38.0,9.0,5.988452801679909,6.914501440131754,73.06610038212429,30.0,3.0
U1871,35-44,Reels,40.88075724852378,74.0,6.0,6.824315945781981,7.230991094351887,81.39903931701059,31.0,10.0
U1872,18-24,Video,35.14508999262654,175.0,6.0,0.585785387169576,5.956109875245859,41.740787587540396,40.0,10.0
U1874,45-54,Text Posts,24.543383607573396,63.0,9.0,5.5435724932979555,6.457649431008273,69.00060811434491,24.0,6.0
U1875,35-44,Video,42.31000626785482,185.0,15.0,2.3229131135178793,9.725814366602014,62.532538638612316,44.0,12.0
U1877,25-34,Video,42.157342411708406,230.0,8.0,4.6308523798777275,8.108354045372538,73.35176612056867,25.0,12.0
U1878,25-34,Images,38.94361900582451,99.0,9.0,3.018670343578316,8.107161154577902,71.7685902986154,21.0,12.0
U1879,18-24,Stories,39.85094895036112,85.0,8.0,4.917052077831257,6.918099520008265,93.99369437561535,32.0,6.0
U1880,25-34,Video,28.132846569967047,179.0,5.0,3.445062639413061,5.766576355272696,69.94275740235562,18.0,8.0
U1881,35-44,Reels,44.23884992811152,226.0,9.0,3.4189372740796866,8.895092724620573,60.04910795031243,44.0,8.0
U1883,25-34,Images,19.990958161377492,58.0,10.0,4.688142995543911,4.462645518380305,80.84577881335544,11.0,7.0
U1884,35-44,Video,18.077291683566713,187.0,7.0,5.003508385583028,4.407499841001095,68.88097191319663,14.0,6.0
U1885,18-24,Images,13.29614234611804,72.0,8.0,7.032602191005504,1.0,77.84542251081041,11.0,2.0
U1886,25-34,Images,6.871764096634351,32.0,7.0,4.046946430945698,1.0,99.43172090769123,5.0,0.0
U1888,18-24,Stories,28.71080500402805,286.0,7.0,5.397593873995598,5.583822498719728,45.07248359712246,21.0,7.0
U1889,35-44,Stories,1.0,123.0,10.0,4.527547484004468,1.0,59.76274410709658,0.0,1.0
U1890,55+,Reels,27.779651359957295,138.0,7.0,2.7087220996565007,6.19009731426475,70.62897295009574,28.0,9.0
U1891,13-17,Text Posts,23.21861504794252,133.0,9.0,5.1453782949896025,4.965732639397659,68.56622743087934,23.0,5.0
U1892,25-34,Reels,26.13321037686555,12.0,5.0,4.168761544306179,6.424887410789366,81.58420072170634,19.0,2.0
U1893,35-44,Stories,25.290636450023644,55.0,12.0,1.5669396720709114,4.757978287549865,58.2778265954737,15.0,6.0
U1894,18-24,Reels,31.51165467627084,285.0,8.0,5.02052158449923,5.623169212011245,60.41373338546373,23.0,9.0
U1895,25-34,Stories,21.416602319526262,179.0,7.0,1.0607039436951982,4.143412491397362,58.36495136593155,26.0,9.0
U1896,35-44,Text Posts,9.286850219317024,187.0,6.0,4.471374937598004,1.8871567246452077,83.56221821073386,12.0,1.0
U1897,25-34,Video,22.834191958642904,196.0,7.0,2.6718386886673198,4.666262653280755,62.75042171352571,19.0,3.0
U1898,18-24,Text Posts,1.0,253.0,9.0,3.7448952284268806,1.0,53.59707399944657,0.0,0.0
U1900,35-44,Text Posts,12.19458255518883,87.0,4.0,2.4141159114983433,3.424227047091656,64.73279377109425,13.0,1.0
U1903,35-44,Images,11.948111545192482,124.0,7.0,2.6078953730675343,3.114271539117904,74.9176871156194,11.0,2.0
U1904,13-17,Reels,38.46911794488139,75.0,10.0,4.0217633434525535,9.299596318368948,79.17230035541112,30.0,9.0
U1906,18-24,Reels,14.589352866984314,257.0,9.0,2.8302055508617583,2.4042185208272553,54.21261513614588,15.0,3.0
U1907,55+,Reels,35.43651775540173,126.0,13.0,3.5585740147200053,6.755495474558878,72.84231586922698,35.0,8.0
U1908,18-24,Reels,25.951233361352827,14.0,6.0,4.297331515041181,3.6204401185910644,67.11588336958592,23.0,7.0
U1909,18-24,Stories,18.313958655327763,291.0,14.0,0.5,4.948687603892813,66.67888647442649,14.0,4.0
U1911,18-24,Video,34.794394426494925,297.0,10.0,2.5374227347873552,6.479711204828866,29.608855300046198,31.0,2.0
U1912,45-54,Reels,30.891836731187254,214.0,4.0,0.5,6.7372600086191206,76.03202298474369,25.0,11.0
U1913,55+,Video,23.210765087016746,222.0,13.0,2.912266771428811,4.786668955866039,65.5866839321772,21.0,3.0
U1914,18-24,Images,12.803305476490399,245.0,9.0,1.9883134188683922,2.9251722308354133,46.06635877262357,13.0,3.0
U1915,25-34,Images,21.095260452086013,204.0,8.0,2.7961067823883132,3.6427512637112742,61.157914174507894,22.0,7.0
U1916,35-44,Reels,12.446262661587577,220.0,5.0,4.200583348213708,1.2305097751932634,60.360529067127295,11.0,6.0
U1917,45-54,Stories,20.008450931157096,209.0,5.0,4.775735677837299,4.2178339307851545,60.13200731875358,15.0,4.0
U1919,25-34,Stories,18.412874555874392,84.0,7.0,5.526062905381577,4.203020937115156,74.75879492924139,15.0,6.0
U1920,25-34,Text Posts,22.37158898658243,271.0,8.0,1.9451986226537445,3.5826713503402683,64.54357272193258,11.0,6.0
U1921,35-44,Images,18.344385148485216,39.0,8.0,5.314981805416164,3.5194084065271594,58.83314954459639,16.0,2.0
U1922,13-17,Reels,42.78071898356444,293.0,5.0,1.6650132963265891,10.0,45.85696178525763,29.0,6.0
U1923,25-34,Text Posts,2.0641048440596386,22.0,4.0,5.087043369716534,1.0,66.19380068000515,3.0,0.0
U1924,18-24,Reels,29.35924567218348,169.0,7.0,4.356582251509588,5.071964657955361,55.46544153581078,12.0,4.0
U1925,35-44,Images,15.844667863899474,17.0,10.0,3.756009947464583,3.668030190069224,82.08519456242388,6.0,1.0
U1926,13-17,Video,24.3074550624492,206.0,12.0,2.1705932736766194,4.719642274410349,46.439524493990625,15.0,5.0
U1927,25-34,Stories,27.562950020913462,233.0,10.0,5.296321854610369,4.723965415503609,74.06354134993637,31.0,6.0
U1930,13-17,Video,40.05021088273767,38.0,3.0,3.601917251729756,8.614026930446405,57.237229786019135,37.0,6.0
U1932,25-34,Video,27.86415330092824,132.0,6.0,3.723493837738128,4.360016519404313,67.3524450004161,17.0,3.0
U1933,25-34,Stories,1.0,216.0,7.0,1.8569356144405975,1.0,45.15342753194643,0.0,0.0
U1934,25-34,Video,27.942265169046347,267.0,7.0,5.661245898237317,6.0664311319361515,43.379102223663764,24.0,3.0
U1935,35-44,Reels,14.080416190482687,84.0,10.0,7.555780292074437,1.18964835619582,88.81057753029906,19.0,5.0
U1936,35-44,Reels,45.04102078059118,169.0,5.0,2.3992963927351583,7.5267178464221605,59.20148312742001,48.0,7.0
U1937,18-24,Reels,26.848903060767608,256.0,8.0,2.9105119119158163,6.942498880252888,54.83764772350096,22.0,7.0
U1938,35-44,Video,31.540806709528294,16.0,11.0,3.7495466519983642,6.628221350248282,83.92864707922706,22.0,10.0
U1939,25-34,Video,43.89153824787806,216.0,11.0,0.5,7.3859650693108545,56.85810758973784,30.0,10.0
U1940,13-17,Reels,16.78248897144112,286.0,3.0,5.965166162302687,4.493359013271932,64.93220808026022,8.0,7.0
U1941,13-17,Text Posts,4.331359619954476,116.0,5.0,3.0219421333546115,2.0828055965532375,61.08201589042546,4.0,0.0
U1942,18-24,Images,15.68072269248621,215.0,10.0,2.9003305810768865,2.426346339119963,54.244471175535814,10.0,2.0
U1943,35-44,Video,45.287689914234804,243.0,8.0,4.534518586268337,8.134897615032738,51.58411563030072,36.0,5.0
U1944,35-44,Reels,33.01685045168788,272.0,10.0,3.62745739712193,6.68288380770834,44.8620624238749,24.0,8.0
U1945,35-44,Video,37.48325142515882,62.0,4.0,3.7467461396830672,7.656753476186752,65.0204857682545,32.0,8.0
U1946,25-34,Video,35.78117735236016,38.0,9.0,4.76535210824104,6.998040317661639,76.4948422052526,25.0,6.0
U1948,18-24,Stories,20.016529051292547,39.0,2.0,1.8148106854193196,3.651600863709705,64.31947363439599,20.0,5.0
U1949,18-24,Video,24.70027725223064,275.0,4.0,5.336008433875412,4.515730534562687,50.61745873558504,20.0,3.0
U1951,13-17,Video,24.263113410822474,29.0,11.0,2.7038787994267763,5.84417998504655,96.89313938564467,15.0,4.0
U1952,18-24,Text Posts,12.810825429008236,238.0,10.0,3.8461203714452026,1.5007765938197233,65.59224204568622,10.0,3.0
U1953,25-34,Images,10.193520585117586,63.0,10.0,1.5407968075920333,3.344697964506893,71.6390685175274,10.0,3.0
U1954,35-44,Video,60.393816227828616,255.0,8.0,3.858899211744002,10.0,48.89297793784776,57.0,8.0
U1955,55+,Video,34.601056162482884,90.0,9.0,4.921335743093847,6.2782137452717866,82.29255192125552,28.0,7.0
U1956,55+,Text Posts,1.0,255.0,5.0,5.869855405553762,1.0,63.3291964698578,1.0,0.0
U1957,25-34,Images,13.658197893230755,184.0,10.0,4.610222200374354,2.5986738701129095,61.76054192407711,11.0,4.0
U1958,25-34,Reels,33.19358745637888,211.0,15.0,5.109534267244484,7.96292240575214,56.82317133920429,27.0,5.0
U1959,25-34,Video,51.733639461525236,153.0,8.0,2.540704687215807,10.0,84.87103760506892,44.0,11.0
U1960,35-44,Video,29.105476000612818,75.0,12.0,4.738053932798,6.213599109643038,91.13845180702043,34.0,8.0
U1962,25-34,Reels,36.16837011430981,257.0,8.0,5.23916300380399,8.836507630523245,56.363106358341795,27.0,9.0
U1963,45-54,Video,21.19401294100349,97.0,7.0,3.6538329249907795,4.034047564877317,58.8107040899719,15.0,3.0
U1964,25-34,Stories,13.638445584925151,260.0,6.0,5.116349575409096,2.200887951542244,54.44800300494297,9.0,3.0
U1965,25-34,Video,32.42379514489006,258.0,10.0,3.7419484861043397,7.71531915727032,66.28165508077036,15.0,9.0
U1966,25-34,Text Posts,11.303665466998918,292.0,4.0,2.3488936245275838,3.10030540397146,31.48700071756318,7.0,2.0
U1967,18-24,Reels,34.89164457074335,63.0,7.0,3.559367427480467,6.464237132250027,79.72204328725249,37.0,6.0
U1968,18-24,Video,28.163657177136123,73.0,7.0,3.003874109707635,5.947658361778938,79.58196711590524,22.0,6.0
U1969,18-24,Stories,15.262707478332393,90.0,12.0,5.445835309992407,2.7086557459190415,77.90966467158165,17.0,0.0
U1970,13-17,Reels,27.857296470506114,278.0,9.0,1.4658662522046395,6.175688947979437,45.66674746340002,17.0,9.0
U1971,13-17,Images,16.49597957518788,231.0,7.0,0.98407633838382,3.803545030757218,53.67869348389276,15.0,6.0
U1972,45-54,Reels,28.978271747079226,85.0,8.0,3.938289004638248,4.517397303701791,65.29508755157426,25.0,5.0
U1973,18-24,Reels,32.3600577522258,118.0,5.0,3.015010997240134,6.513400739682283,88.09083703564488,19.0,3.0
U1974,25-34,Stories,26.438395096417374,188.0,14.0,1.7814692444511233,3.804026125363638,76.77796615297473,16.0,4.0
U1975,18-24,Reels,31.92634115650968,284.0,10.0,3.4472485606610412,4.962583186341029,55.32696597189667,23.0,7.0
U1976,55+,Images,19.535855235092185,58.0,6.0,3.8993899436989303,3.4135726428052493,74.53317297850124,7.0,5.0
U1978,25-34,Reels,28.502276991656803,297.0,7.0,0.7208802061546273,3.990727302422426,47.16701079878323,23.0,6.0
U1979,45-54,Video,39.79507548001609,297.0,6.0,3.7781778652365903,6.772420474916642,31.508361975157175,22.0,8.0
U1980,45-54,Reels,35.2894119457045,295.0,12.0,5.961885339582082,5.516429869455273,50.90193320310708,33.0,12.0
U1981,18-24,Text Posts,5.076492257662058,184.0,2.0,5.890985269883097,1.0,81.87633571653221,1.0,0.0
U1982,35-44,Text Posts,5.40960725111355,226.0,6.0,3.638576986652538,1.6081035319807633,60.3337146187943,7.0,0.0
U1984,25-34,Video,40.36413899891343,248.0,8.0,3.0957412537117275,9.130596152430755,57.79100678014557,30.0,5.0
U1985,18-24,Text Posts,22.338810549242083,158.0,6.0,2.0227941678014423,4.901710500803193,61.99465732199312,12.0,4.0
U1987,35-44,Video,44.07962313627049,139.0,9.0,3.6174240856807174,8.710034841076704,54.903920597828595,39.0,12.0
U1988,25-34,Reels,29.234798091645942,12.0,12.0,4.205869950087767,5.747042803308094,79.1602527298543,23.0,9.0
U1989,25-34,Reels,26.75714222837564,132.0,4.0,4.780101692838059,6.735971015526084,52.18745674600911,25.0,4.0
U1991,35-44,Video,42.46611364602157,130.0,10.0,3.2231783480038443,8.6925096393258,66.14760469981142,38.0,9.0
U1992,18-24,Video,38.2557781678707,163.0,5.0,4.814651525233618,5.8957487635541055,70.90167078819256,28.0,13.0
U1993,25-34,Text Posts,34.75825427647638,63.0,7.0,2.985328599142803,7.680090052241113,72.09587518005085,28.0,1.0
U1995,35-44,Reels,33.181017020299755,144.0,11.0,1.0221811006045454,6.016311395401588,67.14070840786663,24.0,10.0
U1996,35-44,Reels,22.707989901884872,180.0,8.0,4.2006219196759975,4.767972876893122,72.44400621675922,15.0,1.0
U1998,13-17,Reels,27.89132862965028,215.0,10.0,2.1102634948964845,5.04002473927063,74.56465448284585,29.0,4.0
U1999,13-17,Reels,29.37352479407036,78.0,7.0,5.649654162715946,6.284939200201575,73.35005630834397,22.0,3.0
